RK,YEAR,PLAYER,TEAM,CONF,MIN%,PRPG!,BPM,ORTG,USG,EFG,TS,OR,DR,AST,TO,BLK,STL,REB,PTS
1,Sr,Sincere Carry,Kent St.,MAC,92.3,3,3.3,105.6,26,46.4,50.9,1,10.4,24.8,15.3,0.7,2.4,3.7,17.7
2,Sr,Max Abmas,Oral Roberts,Sum,91,5.4,6,122,27.4,55.2,60.9,1.6,10.1,19.4,10.8,0.5,1.9,4.4,22.2
3,Sr,Markquis Nowell,Kansas St.,B12,89.9,4.7,7.6,109.1,26.7,47,55.2,1.1,9.8,40.3,21.1,0.2,3.7,3.5,16.8
4,Sr,Jarkel Joiner,North Carolina St.,ACC,89.4,4.5,4.7,117.6,23,50.3,55.2,2.3,12.9,18.3,10.3,0.3,2.1,4.7,17.1
5,Sr,Jalen Pickett,Penn St.,B10,89.3,6.6,10.4,120.4,29.1,56.1,58.6,3.8,19.7,40.4,12.9,1.6,1.7,7.3,17.9
6,Sr,Drew Peterson,USC,P12,88.9,3.4,5,104.9,22.8,50.8,54.3,3.1,15.5,24.3,19.6,2.2,1.8,6.2,14
7,Sr,Tajion Jones,UNC Asheville,BSth,88.5,3.6,4.7,125.9,16.9,65,65.9,3.5,13.2,7.3,10.5,1.2,1.6,5.2,15
8,Jr,Jalen Wilson,Kansas,B12,87.9,4.5,6.1,105.2,28.5,48.6,53.5,5.2,21.4,13.2,13.5,1.5,1.6,8.4,20.1
9,Sr,Souley Boum,Xavier,BE,87.3,5,5.7,121.4,21.1,54.9,60.8,1.4,12.3,20.6,14.4,0.3,1.6,4.3,16.5
10,Sr,Casey Morsell,North Carolina St.,ACC,87.3,3.7,4.2,127.7,13.8,59.3,61.1,4.3,9.8,4.4,7.9,2,1.8,4.3,11.9
11,Sr,Demetre Roberts,Fairleigh Dickinson,NEC,87.1,2.8,-1.9,109.5,24.8,48.8,54.4,1.5,9.7,22.2,15.7,0.4,1.9,3,16.7
12,So,Ajay Mitchell,UC Santa Barbara,BW,86.4,4.7,5,117.8,26.3,54,60.2,1.3,8.8,29.9,14.8,0.9,2.4,2.7,16.4
13,Sr,Jordan Miller,Miami FL,ACC,86.3,5,6.4,126.4,20.2,58.5,61,7.6,13.8,14.3,11.2,0.9,2.2,6.2,15.3
14,Sr,Tucker Richardson,Colgate,Pat,86.3,2.4,1.9,103.5,25.4,51,51.3,1.5,16.7,28.9,16.9,0.8,3.6,5.2,13.8
15,Sr,Boo Buie,Northwestern,B10,86.1,4,4.9,105,28.7,46.8,52.1,1.6,9.8,31.4,15.2,0.6,2,3.3,17.1
16,Sr,Miles Norris,UC Santa Barbara,BW,85.5,3.7,4.5,119.2,19.5,54.8,59,6.9,16.6,6.9,9.7,2.5,1.9,6.1,14.1
17,So,Tyson Degenhart,Boise St.,MWC,85.4,4.4,6.4,120.3,20,57.9,59.8,6.8,11.8,11,11.1,1.2,0.9,5.4,14.3
18,Sr,Chase Audige,Northwestern,B10,85.3,2,4,94.4,25.2,44.1,47.8,2.3,9.3,18.3,16.7,2.5,4.2,3.4,13.8
19,So,Bryce Hopkins,Providence,BE,85.3,3.7,3.9,110.2,23.5,49.5,55.4,5.6,22.6,12.8,16.1,1.8,1.4,8.5,16.1
20,Sr,Mike Bothwell,Furman,SC,85.2,4.6,3.5,123.9,23.7,56.7,62.3,4.9,7,15.8,12.2,0.4,1.6,3.5,18
21,Sr,Logan Johnson,Saint Mary's,WCC,85.2,3.7,6.8,110.7,24.4,50,53.3,2,16,21.8,13.8,1.3,2.9,4.8,14.6
22,Sr,Max Rice,Boise St.,MWC,85.2,3,4.3,108.7,20.5,53.3,56.5,1.7,13.3,9.3,14.1,0.2,1.8,4.6,13.9
23,Sr,Jarod Lucas,Nevada,MWC,85.1,4,3.1,112.7,23.3,50.7,57.6,0.8,8.5,9.3,8.2,0,0.7,2.7,17.3
24,Sr,Drew Pember,UNC Asheville,BSth,85.1,4.4,7.3,112.3,31.4,52,61.1,6.4,24.9,15.3,17.6,6.9,1.4,9.4,21.2
25,Jr,Marques Warrick,Northern Kentucky,Horz,85.1,3.5,3.8,109.6,28.1,51.2,55.3,1.6,7.1,18.9,13.8,1,2.3,2.4,19.1
26,Fr,Anthony Black,Arkansas,SEC,85.1,2.8,6,102.6,22.6,51,55.8,4.7,12.7,22.1,23.2,1.8,3.3,5.1,12.8
27,Jr,Dajuan Harris Jr.,Kansas,B12,84.8,3.1,6.2,111.6,16.5,52.7,53.6,2.3,5.7,31.3,19.6,1.4,3.5,2.4,8.7
28,Sr,Andrew Funk,Penn St.,B10,84.5,3.1,3.3,114.3,16.5,59.5,61.3,1,9,5.9,9.7,0.2,1,2.9,12.1
29,Jr,Ricky Council IV,Arkansas,SEC,84.2,3.5,3.6,106.7,23.8,48.5,54.5,3.1,8.5,13,15,0.7,2,3.4,15.9
30,Sr,Kendric Davis,Memphis,Amer,83.9,5.4,7.4,111.5,31.6,47.5,55.4,1.8,9.8,30.7,15.6,0.6,3.2,3.7,22.1
31,Sr,Keyontae Johnson,Kansas St.,B12,83.8,3.7,5.6,106.4,24.8,57.3,60,5.8,18.1,14.2,20.6,0.6,1.9,7,17.7
32,So,Ryan Nembhard,Creighton,BE,83.8,3.1,2.8,108.2,20.7,50,53.6,1.4,11.7,26.3,17.2,0.2,1.1,4.1,11.9
33,So,Terquavion Smith,North Carolina St.,ACC,83.8,3.5,3.4,104.6,28.7,46.3,49.4,2.1,10.3,23.1,13.1,1.1,2.5,3.6,17.5
34,Jr,Matt Allocco,Princeton,Ivy,83.7,2.6,2.2,116.7,16.2,58.6,61.1,2.3,14.3,11.2,15.3,0.7,1.3,4.9,11
35,Sr,Joey Hauser,Michigan St.,B10,83.6,4.4,7.2,120.1,19.7,59.8,63.3,5.1,18.5,11.7,14.3,0.8,0.7,6.9,14.2
36,Jr,Daniss Jenkins,Iona,MAAC,83.4,3.3,3.9,108.8,26.3,48.2,51.6,4,11.1,27.8,15.2,1.8,2.2,4.4,15.6
37,Sr,Tyson Walker,Michigan St.,B10,83.4,3.6,5.1,110.7,22,53.1,55,1,7.6,17.8,10.7,0.9,2.1,2.5,14.6
38,Sr,Marcus Carr,Texas,B12,83.3,4.3,7.2,113.2,23.1,51,54.7,1,9.4,22.7,10.9,0.1,3,3,15.9
39,Sr,Gabe Kalscheur,Iowa St.,B12,83,2.4,3.7,103.4,20.2,50.4,52.6,2.1,7.5,9.3,16.1,0.9,2.6,2.5,12.9
40,So,Rayshon Harrison,Grand Canyon,WAC,82.9,4.5,3,110.4,30.4,49.8,55.6,2.5,11.7,25.5,15.6,0.6,1.1,4,17.7
41,Sr,Jaime Jaquez Jr.,UCLA,P12,82.6,4.6,9.1,112.7,26.9,50.5,54,9.2,20.1,14.3,12.4,2.3,2.6,8.1,17.3
42,Jr,Isaiah Wong,Miami FL,ACC,82.6,4.4,5.3,117.4,24,52.6,58.3,3.7,11.5,18.4,14.8,1.4,2.4,4.3,16.2
43,Jr,Steven Ashworth,Utah St.,MWC,82.5,5.7,8.9,128.6,21.9,61.1,66.1,1.3,9.8,26.4,13.9,0.1,2.1,3.2,16.3
44,Sr,Kihei Clark,Virginia,ACC,82.4,3,3.4,108.4,22.2,47.2,53.5,1.6,8.4,33,17.2,0.5,2.1,2.6,10.9
45,Sr,Boogie Ellis,USC,P12,82.3,4.9,6.8,114.8,25.7,53.6,58.1,1.2,10.5,19.5,12.7,0.7,2.5,3.7,18
46,Sr,Kyle Bowen,Saint Mary's,WCC,82.2,2.3,5.9,123,9.8,53.5,54.1,8.1,18.5,8.6,13.3,3,2.2,7.2,5.3
47,Sr,Malique Jacobs,Kent St.,MAC,81.8,1.4,3.8,95.8,26,41.8,46.5,5.5,12.9,20.6,18.5,3.2,4.6,5.2,13
48,Jr,Colby Jones,Xavier,BE,81.7,4.1,6.6,114.6,22,57.6,59.2,4.8,13.4,21.8,17.5,1.5,2.3,5.4,15.2
49,Sr,Hakim Hart,Maryland,B10,81.4,3.8,6.1,120.2,17.9,55.5,59.8,2.9,12.9,15.6,13.5,0.6,2.1,4.2,11.5
50,Jr,Jamal Shead,Houston,Amer,81.1,3.1,6.4,111.6,20.2,48.3,50.6,2.1,8.4,29.3,18.2,0.8,3.4,3,10.3
51,Sr,Kenan Blackshear,Nevada,MWC,81,2.7,2.2,98.9,28.1,46.9,53.4,1.8,12.4,30.2,20.2,1.1,2.8,4.1,14.4
52,Fr,Gradey Dick,Kansas,B12,80.9,3.8,6.5,114.4,19.2,54.7,58.2,3.4,13.4,9,11.5,0.9,2.5,4.9,14.1
53,Sr,Baylor Scheierman,Creighton,BE,80.6,3,6.5,107.6,21.2,53.8,56.7,3.5,24.6,18,18.1,0.7,2,8.4,12.8
54,Jr,Davonte Davis,Arkansas,SEC,80.6,1.6,2.7,98.6,18.1,48.4,50.4,2.3,12.3,14.3,18.8,0.4,2.4,4.2,10.5
55,Jr,Tyler Kolek,Marquette,BE,80.4,4.9,8.7,120.7,23.8,54.8,58.9,2.9,12.4,39.7,17.6,0.5,3.2,4.2,13.3
56,Jr,Coleman Hawkins,Illinois,B10,80.2,2,4.8,102.9,18.9,50.9,52.3,7,15,17.2,22,3.7,1.8,6.3,9.9
57,So,JP Pegues,Furman,SC,80,2.2,0.4,109.4,20.7,51.3,53.5,1.4,13,21.9,15.4,0.6,1,3.8,12
58,Sr,Tyger Campbell,UCLA,P12,79.9,3.7,5.8,110.1,24.2,45.2,49.6,1.8,7.8,26.9,12.5,0,2.2,2.6,13.6
59,Sr,Nelly Cummings,Pittsburgh,ACC,79.8,2.8,0.6,111.4,20.1,51,55.5,1.1,7.9,27.7,19.7,0.1,1.3,2.6,11
60,Sr,Jaren Holmes,Iowa St.,B12,79.5,2.5,2.6,98.2,25.8,44.2,47.5,2.8,12.4,21.2,16.8,0.5,2.1,3.7,13.4
61,Jr,Blake Hinson,Pittsburgh,ACC,79.4,3.1,2.8,110.2,23.6,54.6,56.8,5.6,16.4,7.9,14,1.8,1.2,6.2,15.6
62,So,Tucker DeVries,Drake,MVC,79.4,4.1,7.1,114,27.1,53.9,58.3,3.4,15.7,11.1,10.4,0.8,1.8,5.6,19
63,Sr,Ryan Langborg,Princeton,Ivy,79.2,1.6,0.3,103.6,19.3,49.8,53.9,1.2,9.7,9.2,15.7,1.8,1.2,3,12.1
64,Jr,Chris Youngblood,Kennesaw St.,ASun,79.2,3.3,4.2,118.1,20.6,55.7,59.8,4.9,11.8,11.9,12.1,1.3,1.7,4.8,14.7
65,Sr,Drew Timme,Gonzaga,WCC,79.1,5.6,8.4,120,30,62.2,63.1,9,18,18.6,15.3,3.1,1.2,7.3,20.9
66,Jr,Issac McBride,Oral Roberts,Sum,79.1,2.6,1,118.8,16.9,57.7,60,0.7,8.1,13.3,12,0,1.4,2.7,11.9
67,Fr,Braeden Smith,Colgate,Pat,79.1,2.8,1.2,115,20.6,54.6,60,0.9,13,22.8,17.8,0.2,2.3,3.8,11.8
68,Sr,Tosan Evbuomwan,Princeton,Ivy,79,3.3,4.1,107.2,28.6,53.2,55.8,5.8,16,31.6,19.8,1.9,1.4,6.2,15
69,Jr,Nelly Junior Joseph,Iona,MAAC,79,3.3,3.2,112.9,24.3,55.1,57.6,13.1,20.9,6.9,14.5,5.2,2.3,9.4,15.1
70,Sr,Alex Ducas,Saint Mary's,WCC,78.8,3.5,7,120.3,18.2,56,59,4.3,12.8,5.6,11.5,1.5,1.7,4.2,12.5
71,Sr,Jamarius Burton,Pittsburgh,ACC,78.7,4,3.5,112.5,25.5,52.1,56.4,4.8,11.3,26.9,17.3,0.4,1.6,4.8,15.6
72,Fr,Brandon Miller,Alabama,SEC,78.7,5.3,11.9,121.2,24.1,56.8,61.3,6.1,17.8,12.4,14.1,2.4,1.5,8.2,19.5
73,Jr,Reece Beekman,Virginia,ACC,78.6,2.7,5.7,108.7,20,45.8,50.7,2,9.5,32.3,14.9,1.9,3.5,3,9.4
74,Sr,Sean Bairstow,Utah St.,MWC,78.3,2.2,2,105.7,18.3,51.4,51.9,4.9,14,14.8,14.4,0.7,0.8,5.2,10.4
75,Sr,Adam Flagler,Baylor,B12,78.2,5.3,7.1,120.1,22.9,52.3,55.9,1.2,7.9,28.9,13.3,0.2,2.2,2.5,15.5
76,So,Trey Alexander,Creighton,BE,78.2,3.5,6.6,114.4,20.4,54.7,58.8,1.4,12.9,15.2,12.8,1.4,1.9,4.2,13.6
77,So,Devin Carter,Providence,BE,78.1,3.1,6.2,111,21.2,48.7,53.9,4.5,13.5,14.2,14.3,3.4,3.3,4.9,13.1
78,Jr,Trayce Jackson-Davis,Indiana,B10,78,6.3,14.5,117.7,30.3,57.9,60.5,10.4,25.2,25.3,14.5,8.8,1.5,10.9,20.8
79,Sr,Jahmir Young,Maryland,B10,78,4.1,8.1,108.6,29.4,46.7,52.9,4.5,13.9,22.5,14.1,1.4,2.5,4.7,16.1
80,Sr,Donta Scott,Maryland,B10,77.9,2.4,3.5,103.1,22,45.5,48.2,6.6,16.7,10.9,12,2.7,1.3,5.9,11.5
81,Sr,Filip Rebraca,Iowa,B10,77.8,4.3,4.3,118.9,21.4,57.5,60.1,9.9,17.9,12.3,14.1,3.1,1,7.6,14.1
82,Sr,Oscar Tshiebwe,Kentucky,SEC,77.8,5.6,9.2,123.4,24.2,56.3,60.4,18.8,27.1,9.4,14,3.3,2.8,13.1,16.5
83,Sr,Grant Singleton,Fairleigh Dickinson,NEC,77.8,3.2,2,122.5,19.6,55.5,58.9,1,13.2,19.1,10.8,0.4,3.2,3.6,14.3
84,Jr,Mitchell Saxen,Saint Mary's,WCC,77.7,3.3,4.9,113.3,21.9,54.9,56.8,12.6,19.1,11.1,16.6,4.2,1.6,7.8,11.6
85,Jr,Max Shulga,Utah St.,MWC,77.7,3.5,5.2,112.8,21.3,52.7,59,2.5,13.7,23.1,19.1,1,1.5,4.4,12.1
86,Sr,Jalen Slawson,Furman,SC,77.5,3.6,7.9,117.4,24.6,59.8,63.9,7.2,20.2,20,19.9,5.6,2.8,7.1,15.7
87,Jr,Jordan Brown,Louisiana Lafayette,SB,77.5,3.5,2.4,106,29.5,55.2,56.8,9.5,23.8,11.8,17.9,3.7,1.1,8.7,19.4
88,Jr,Julian Strawther,Gonzaga,WCC,77.4,3.9,5.4,119.7,20.3,58.4,61.8,3.2,18.9,6.5,13,1.6,1.5,5.9,15.2
89,Jr,Kerr Kriisa,Arizona,P12,77.3,2.6,2.1,106.2,19.2,52.1,54.7,1.4,6.8,26.8,23.6,0.1,1,2.4,10.1
90,Fr,Davon Barnes,Texas Southern,SWAC,77.3,1.7,-1.1,99.8,22.8,46.3,52.1,4.7,10.7,12.9,17.6,0.6,1.5,4.3,13.6
91,Sr,Kareem Thompson,Oral Roberts,Sum,77.1,2.3,3.2,118.5,16.2,56.1,57.8,7.1,13.8,17,17.7,0.6,2.6,5.7,8.6
92,Sr,Terrell Burden,Kennesaw St.,ASun,76.8,2.2,2.1,101.8,26.2,51.9,55.3,1.7,10.6,27.4,21.3,1.5,3,3.1,13.5
93,Sr,Robin Duncan,Vermont,AE,76.7,2.3,3.6,114,18.1,53.2,52.3,7.6,22,26.2,15.6,1.5,1.8,7.3,7.8
94,Sr,DeAndre Williams,Memphis,Amer,76.7,4.6,9.2,115.9,26.7,57.3,60,9.3,19.5,19,15.7,3.7,2.6,8,17.8
95,Jr,Oso Ighodaro,Marquette,BE,76.7,3.9,7.4,122.3,18.2,65.3,64.3,7.3,15.6,18.4,16.7,5.6,1.7,5.9,11.4
96,Sr,Chris Harris,Southeast Missouri S,OVC,76.4,1.7,-0.5,101.1,24.6,45.3,52.6,1.4,16.1,12,14.1,0.5,1.6,4.7,15.4
97,Jr,Zach Edey,Purdue,B10,76.3,7.2,14.3,125.9,32.9,60.6,63.8,21.8,27.2,13.5,13.8,7.1,0.5,12.8,22.3
98,Fr,Caden Pierce,Princeton,Ivy,76.3,1.8,2.3,113.5,14.5,51.4,53.4,8,19,6.6,11.5,1.9,1.3,7.1,8.2
99,Sr,Taylor Funk,Utah St.,MWC,76.1,3.4,6.1,115,19.9,56.3,58.8,4.8,15.6,10.9,12.5,2.3,1.6,5.4,13.3
100,Sr,D.J. Jeffries,Mississippi St.,SEC,76.1,0.5,1.6,91,18.4,41.2,43.3,3.4,20,11.9,15.9,1.7,2.4,6.2,8.8
101,Fr,Aidan Mahaney,Saint Mary's,WCC,76.1,3.2,4.1,109.6,24.1,52.2,54,0.9,8.7,14.3,13,0.2,1.8,2.3,14.5
102,Jr,Jacob Toppin,Kentucky,SEC,75.6,3.3,4.1,111.6,20.9,50,52.5,7.2,18.6,13.4,13.5,1.7,1,6.9,12.5
103,Sr,Seth Lundy,Penn St.,B10,75.5,4.1,6.8,117.8,21.4,58,61.5,3.8,19.5,5.7,8.3,2.2,1.4,6.3,14.4
104,Jr,RaeQuan Battle,Montana St.,BSky,75.5,2.9,3.3,107.9,28.1,51.3,55.9,2.5,9.5,8.3,10.7,2.1,1.7,2.9,17.4
105,Sr,Tyrece Radford,Texas A&M,SEC,75.4,3.6,6.1,112.2,22.9,45.5,53.5,7.2,13.2,16.8,15.2,1.2,1.7,5.5,13.3
106,Sr,Marcus Sasser,Houston,Amer,75.4,5.1,11.5,123.7,25.2,55,59.8,1.5,8.8,19.9,12.9,0.8,3.4,2.8,17.1
107,Sr,Greg Williams Jr.,Louisiana Lafayette,SB,75.3,3.6,5.7,124.1,18.6,59.1,61.8,3.6,10.5,7.5,10.4,1.8,2.2,3.5,13.2
108,Jr,Tre Coleman,Nevada,MWC,75.3,1.6,4.5,113.1,11.8,52.7,55.4,2.5,9.5,16.3,14,3.7,2,3.1,6
109,So,Sam Vinson,Northern Kentucky,Horz,75.3,1.8,2.6,103.7,22.2,46.5,50.1,4.6,11.6,18.8,15.7,0.9,4.2,4.2,11.7
110,Fr,Darrion Williams,Nevada,MWC,75.3,2,5.9,110.2,15.5,48.1,51.3,5.1,23,18.1,11.9,1.5,2.9,7.3,7.6
111,So,Phillip Russell,Southeast Missouri S,OVC,75.2,3.2,1.1,107.9,29,48.2,55.3,2.5,7.7,31.1,16.4,0.3,2.4,2.9,18.2
112,Jr,Kris Murray,Iowa,B10,75.1,5.7,8.1,119.6,25.6,55.6,58,8.6,17.8,12,9.7,3.4,1.7,7.9,20.4
113,Jr,A.J. Hoggard,Michigan St.,B10,75.1,3.4,4.6,105.3,27.5,44.4,51.5,0.7,13.4,39.4,18.3,1.1,1.8,3.8,12.5
114,Fr,Braden Smith,Purdue,B10,75.1,3.7,7.2,120.3,18.7,52.8,59.6,3.2,13.3,26.9,20.3,0.6,2.5,4.2,9.8
115,Jr,Gabe McGlothan,Grand Canyon,WAC,75,3.2,2.3,113,22.1,56.1,58.9,10.3,19,6.6,16.4,1.9,1.2,7.7,12.8
116,Jr,Azuolas Tubelis,Arizona,P12,75,5.2,8.8,117.7,28.1,58.5,61.8,10.9,22.2,14.2,14.9,2.3,1.9,9.3,19.8
117,Jr,Adrian Baldwin Jr.,VCU,A10,75,2.9,4.1,107.4,22.4,48.1,53.9,2.2,7.6,33,19.9,0.4,3.7,2.9,12.7
118,Fr,Jalen Hood-Schifino,Indiana,B10,74.9,2,-0.2,95.2,24.9,46.8,49.9,1.4,12.2,20.3,19.7,0.8,1.5,4.1,13.5
119,Sr,Roman Penn,Drake,MVC,74.5,3.5,4.5,113.6,24.6,50.8,55.4,2.9,14.7,34.8,15.6,0.6,1.8,4.6,12.6
120,Sr,Miller Kopp,Indiana,B10,74.5,2.8,3.6,126.3,10.6,63.5,64.8,1.4,7.8,6.6,10.5,0.6,1.3,2.5,7.9
121,Sr,Oliver Lynch-Daniels,Colgate,Pat,74.3,2.6,1.5,120.9,16.4,66.6,67.5,1.6,11.6,11.4,15.7,0.3,1.6,3.5,12.3
122,Sr,Terrence Shannon Jr.,Illinois,B10,74.3,4.3,6.1,112.2,26.9,51.1,57.9,4.6,12,18.1,17.4,1.6,2.3,4.7,17.1
123,Sr,Santiago Vescovi,Tennessee,SEC,74.3,3.5,8.7,114.9,19,53.5,56.1,2.1,14,17.8,14.9,0.3,3.4,4.6,12.9
124,So,Chance McMillian,Grand Canyon,WAC,74,2.4,0.8,111.4,18.2,56.8,58.3,2.7,9.2,12.9,17.4,0.5,1.3,3.1,10.7
125,Jr,Darius Brown II,Montana St.,BSky,73.9,2.6,5.5,118.5,18.1,52.4,58.9,2,17.1,32.4,17,0.1,3.8,4.5,9.1
126,Fr,Cason Wallace,Kentucky,SEC,73.9,3.3,6.9,112.4,20.2,51.6,54.2,3.3,9.8,24.3,19,1.7,3.7,3.5,11.6
127,Sr,John Walker III,Texas Southern,SWAC,73.8,1.7,-0.2,102.1,22.2,48.8,52.4,5.7,10,9.7,14.7,3.9,1.1,4.3,12.6
128,Sr,Tre Mitchell,West Virginia,B12,73.8,2.9,4.9,108.1,20.2,53.2,57.1,5.6,17.4,12.1,20.1,2.3,1.5,5.5,11.6
129,So,Kam Jones,Marquette,BE,73.8,3.5,7,114.5,21.7,57,57.9,0.9,13.2,12.6,8.9,0.6,2.7,3.5,15
130,Sr,Nick Honor,Missouri,SEC,73.7,2.6,2.1,118.8,13.7,53.4,57.7,1.6,5,15.4,13.6,0,2.8,1.6,8
131,Sr,Armaan Franklin,Virginia,ACC,73.7,2.5,4.5,106.2,22.3,51.7,54.1,2.9,14.9,10.8,9.4,1.6,2,4.2,12.5
132,Jr,Chibuzo Agbo,Boise St.,MWC,73.5,2.1,2.8,104,20.7,50.5,55,3.5,15.1,5.4,15.8,0.6,1.6,4.7,11.5
133,Sr,Garrett Sturtz,Drake,MVC,73.4,2.8,4.6,124.2,14.8,60.6,64.8,5.4,19.5,6.5,12.7,0.8,2,6.3,9.5
134,Jr,Marcus Foster,Furman,SC,73.2,1.6,0.7,111.4,16.5,52.6,55.8,4.8,15.4,6.4,13.4,0.8,2.1,5.2,10.6
135,Sr,Jack Nunge,Xavier,BE,72.9,4.4,8,122.7,21.5,58.1,60.2,11.8,18.6,12.4,11.7,3.9,1.7,7.8,14.1
136,So,Nijel Pack,Miami FL,ACC,72.9,3,2.9,111.5,20.6,54.2,56.4,2.4,7.9,13.9,16,0.7,1.9,2.7,13.2
137,Jr,LJ Cryer,Baylor,B12,72.9,4.2,4.9,116.8,19.9,55.8,59.2,0.9,7.2,13.6,15.2,0.1,0.9,2.1,14.5
138,So,Tyrese Hunter,Texas,B12,72.9,1.7,1.8,98.5,19.7,46.6,50.4,1.8,9.7,14.7,17.6,0.4,1.6,2.9,10.2
139,Fr,Tamin Lipsey,Iowa St.,B12,72.8,1.8,6.1,102.7,18.7,50.5,54.2,5.4,11.2,28.8,28.1,0.5,4.5,3.8,7.4
140,So,Themus Fulks,Louisiana Lafayette,SB,72.7,1.3,-2.3,95.8,23.6,45.2,49,1.9,10.1,34.1,27.1,0.1,2.1,2.9,9.4
141,Fr,Tyrese Proctor,Duke,ACC,72.7,2,2,106.5,18.9,46.2,50.8,1.9,10.3,20.5,18.6,0.4,1.2,3.1,9.3
142,Sr,Chris Brandon,Northern Kentucky,Horz,72.6,1.9,0,121,13.5,63.9,62.7,15.8,26.6,5.1,18.8,3.2,2.2,9.8,6.8
143,Sr,Trevian Tennyson,Texas A&M Corpus Chr,Slnd,72.6,2.6,1.7,115.5,22.6,57.8,61.6,1.3,8.5,8.3,15.3,0.6,1.3,2.4,15.7
144,Jr,Jeremy Roach,Duke,ACC,72.6,2.7,2,105.4,22.5,48.3,51.8,2.4,6.3,19.1,17.5,0,1.7,2.5,13.3
145,Sr,Connor McCaffery,Iowa,B10,72.4,2.7,2.6,120.8,12.2,49.7,55.3,3,12.4,18.9,16,0,2.6,4,6.5
146,Jr,Tramon Mark,Houston,Amer,72.3,2.3,4.6,109.4,18.9,45.3,49.8,5,13.5,11.5,13.3,2.1,2.3,4.7,9.7
147,Fr,Kyle Filipowski,Duke,ACC,72.3,3.3,6.5,105.9,29.1,48.9,54.1,10.8,24.7,11.1,18.5,2.7,2.5,9,15.4
148,So,Arthur Kaluma,Creighton,BE,72.1,2.1,1.9,99.9,23.5,47.8,52.1,6.5,16.2,10.2,16.9,1.7,1.1,5.9,11.9
149,Fr,Alex Karaban,Connecticut,BE,72.1,3.5,6.3,127.1,14.5,60.2,62.3,6.4,10.8,10.8,15.7,2.4,1.1,4.3,9.7
150,Fr,Fletcher Loyer,Purdue,B10,72.1,2.7,2,109,20.4,45.1,49.7,0.3,6.6,16.7,12.5,0.2,1.3,1.7,10.9
151,Sr,Greg Elliott,Pittsburgh,ACC,71.9,2.8,4.1,123.7,14.9,59.8,63.2,1,13.7,7.8,11.7,0.7,1.5,3.8,10.4
152,Sr,Ryan Moffatt,Colgate,Pat,71.9,3,3.5,130.4,14,65.6,66.5,3.4,13.1,9,8.8,0.3,2.7,4.2,10.5
153,Sr,Anton Watson,Gonzaga,WCC,71.8,4,8.4,127.9,18.1,63.4,62.9,9.3,14.4,12.9,12,2.4,3.5,5.8,11.3
154,Sr,Tristen Newton,Connecticut,BE,71.8,3.2,5.6,112.6,21.4,45.5,54,4.8,12.3,27,22,1,2.4,4.2,10.2
155,Jr,Ryan Kalkbrenner,Creighton,BE,71.8,5.4,9.9,134,18.8,72.3,73.8,9.5,12.2,8,14.5,6.2,1.3,6.1,15.4
156,Jr,Mark Sears,Alabama,SEC,71.7,3.2,6.4,112.3,19.9,51.5,57.4,2.2,8.9,15.8,18.2,0.3,2.2,3.5,12.8
157,Sr,Kevin McCullar Jr.,Kansas,B12,71.6,2.3,5.9,102.1,19.7,48.9,54.2,4.8,20.9,13.2,19.8,2.4,3.8,7.1,10.7
158,Sr,D'Moi Hodge,Missouri,SEC,71.5,4.4,10.3,125.4,20.3,61.3,62.8,2.9,12.7,10.8,7.4,2.3,5.2,3.8,14.8
159,Jr,Tony Perkins,Iowa,B10,71.4,3,3.4,107.9,22.3,47.9,52.7,4.8,11.2,17,15,1.4,2.8,4.1,12.5
160,So,Kobe Johnson,USC,P12,71.4,2.7,7.4,112.1,17.4,53.9,59.5,5.4,13.3,16.3,20.4,1.6,4.5,4.9,9
161,Sr,D.J. Wilkins,Drake,MVC,71.3,0.9,0.5,103.3,15.7,51.2,53.2,1.2,7,9,13.9,0.4,1.1,2,8.2
162,Jr,DJ Horne,Arizona St.,P12,71.3,2,2.4,99.5,22.3,44.1,48,1.6,10.6,16.8,12.4,0.5,2.2,3.4,12.1
163,So,Nolan Hickman,Gonzaga,WCC,71.2,2,3.4,111.8,15.4,52.6,54.5,1.1,9.4,16.5,17.4,1.3,1.9,2.5,8.4
164,So,Kentrell Garnett,Louisiana Lafayette,SB,71,1.4,0.7,117.4,10.2,57.2,59.7,1,7.3,5,14.7,0.4,1.8,2.1,6.8
165,So,Jayden Nunn,VCU,A10,71,1.6,3.9,108.3,16.3,52.3,55.7,1.3,8.6,10.7,14.1,2.2,3.1,2.4,9.3
166,Jr,Olivier-Maxence Prosper,Marquette,BE,70.9,3.1,1.8,114.5,20,57.6,61.5,7.2,12.3,4.2,14.7,0.6,1.9,4.6,12.4
167,So,Norchad Omier,Miami FL,ACC,70.9,3.9,5,119.4,23.7,60,62.7,15.4,25.6,8.2,17.3,5,2.1,9.7,13.6
168,Sr,Damion Baugh,TCU,B12,70.8,3,4.7,102,22.2,46.6,51.3,2.3,12.7,29.7,20.9,0.8,3,4.6,12.6
169,Sr,Marcus Shaver Jr.,Boise St.,MWC,70.7,2.7,4.8,99.8,26.4,42.3,48.6,2.3,19.3,23.2,15.4,1,2.9,6.1,13.5
170,Sr,Ed Croswell,Providence,BE,70.6,4,4.9,122.6,21.3,60.7,62.4,16,14.6,5,14,3.4,2.4,7.6,13.2
171,Sr,Courtney Ramey,Arizona,P12,70.5,2.6,4.9,109,17.2,54.4,54.5,1.6,11.2,18.6,16.9,0.2,1.9,3.8,10.6
172,Sr,Kobe Brown,Missouri,SEC,70.5,5,8.2,125.7,23.7,62.1,65.4,7.5,18,16.8,13.7,1.9,2.9,6.3,15.8
173,Sr,Desi Sills,Kansas St.,B12,70.2,1.5,2.3,101.9,16.5,47.8,53.8,2,12,14.9,20.3,1.5,1.8,3.6,8.7
174,Sr,Ryan Larson,College of Charlesto,CAA,70.1,2.4,5.3,113.7,20.7,52.3,55.5,4.4,8.4,25.4,19.9,0.4,3.3,3.3,10.6
175,Jr,Wendell Green Jr.,Auburn,SEC,70.1,3.1,5.4,102.5,28.6,42.3,51.5,1.5,11.8,29.3,19.5,0.1,3.6,3.3,13.8
176,Sr,Adam Kunkel,Xavier,BE,70,2.3,2.6,109.2,17,54.9,57.2,0.8,9.4,15.9,18.8,0.5,1.9,2.7,10.5
177,Sr,Kedrian Johnson,West Virginia,B12,70,2.9,4.1,106.8,21.7,45.4,55.1,2.5,7.3,20.1,20.8,0.2,3.6,2.3,11.2
178,Sr,Naje Smith,Boise St.,MWC,70,2.7,5.1,112,19.6,57.6,60,8,15,8.9,17.9,4.1,1.4,5.5,10.1
179,So,Jordan Hawkins,Connecticut,BE,70,4.4,6.4,119.9,22.8,52,57.1,4.1,11.1,8.7,12,1.9,1.5,3.9,16.1
180,Sr,Isaac Mushila,Texas A&M Corpus Chr,Slnd,69.7,3.2,3.1,121.6,22.8,54.8,62.8,13,27.6,8.1,15.8,0.3,2.8,9.7,14.4
181,Fr,Keyonte George,Baylor,B12,69.7,3.6,5.3,103.9,29.9,48.3,53.4,4.4,13.4,20.6,20.2,0.6,2.2,4.2,15.8
182,Sr,David Singleton,UCLA,P12,69.6,3.3,6.7,127.8,13.5,57.5,60.5,2.3,9.1,6.4,7.9,0.8,2.4,2.7,9.1
183,Sr,Emmitt Matthews Jr.,West Virginia,B12,69.3,3.1,4.8,116.1,16.2,53,56.7,4.6,11.8,7.6,12.3,2,1.1,3.9,10.4
184,Sr,Finn Sullivan,Vermont,AE,69.2,2.1,4,106.7,23.1,53.4,56,2.6,18.9,15.9,13.5,3.2,2.5,4.9,11.9
185,So,Wade Taylor IV,Texas A&M,SEC,69.2,4.6,10.4,115.8,29.2,51.1,58.8,1.6,9.4,32.5,18.6,0.3,3.7,2.8,16.6
186,Jr,Ty Berry,Northwestern,B10,69.1,1.2,2.2,98.8,17.9,42.6,46.8,3.1,17,8.6,10.4,0.7,3.2,4.7,8.5
187,Sr,Dylan Penn,Vermont,AE,69.1,2.9,2.3,112.2,25.2,56.6,60.6,1.9,12.6,17.4,14.1,1.2,1.6,3.1,13.5
188,Jr,Oumar Ballo,Arizona,P12,69,3.8,7.5,115.6,22.7,64.9,63.5,9.9,23,10.9,16.5,4.9,1.5,8.5,14.2
189,Jr,Pelle Larsson,Arizona,P12,69,3.3,5.3,118.4,18,54.7,62.2,4.1,12.3,17.9,19.4,0.9,1.6,4.3,10.2
190,So,Walter Clayton Jr.,Iona,MAAC,68.9,4,8.6,119.2,25.2,54.5,59.6,1.9,14,20.6,13.5,1.9,3.6,4.3,16.9
191,Sr,Andre Kelly,UC Santa Barbara,BW,68.6,1.7,-0.4,107.6,18,56.9,57.4,6.2,21.9,6.6,15.4,3.1,1.1,6.5,9.5
192,Jr,Fletcher Abee,UNC Asheville,BSth,68.6,0.7,-1.2,110.5,11.7,53,56.4,1,5.9,4.6,11.1,0.5,1.6,1.9,8.1
193,Sr,Terrion Murdix,Texas A&M Corpus Chr,Slnd,68.5,3.1,6.4,116.2,26.7,51.4,57.1,5.4,12.7,39.9,18,0.9,4.7,4.3,13.4
194,So,Elijah Hawkins,Howard,MEAC,68.4,2.2,0.5,103.3,25.9,52,57.4,2.1,11.7,37.7,28.5,0,3.1,3.7,13
195,Sr,Camren Wynter,Penn St.,B10,68.3,2,0.6,105.4,18.8,54.4,56.3,1.8,10.3,13.6,15.6,0.1,1.1,2.9,8.9
196,Sr,Antonio Reeves,Kentucky,SEC,68.3,3.3,3.2,112.9,23.1,52.8,55.8,1.6,7.3,7.9,13.5,0.7,0.9,2.1,14.4
197,Sr,Miryne Thomas,Kent St.,MAC,68.2,1.8,3.7,110.6,19,52.4,55,7,16,5.2,13.8,2.9,2.6,5.5,10.6
198,Jr,Jalen Bridges,Baylor,B12,68.2,3.9,7.5,124.7,17.4,56.8,60.3,10.8,14.6,7.6,12.7,4.3,1.9,5.8,10.3
199,Sr,Noah Locke,Providence,BE,68.1,2.5,1.4,115.2,17,55.2,56.7,1.9,7.9,6.4,11.6,0.1,0.9,2.3,11.1
200,So,Frankie Collins,Arizona St.,P12,68.1,1.7,3.6,97.1,23,43.8,47.8,2.5,13.5,31.2,19.3,1,2.8,4.2,9.9
201,So,Ansley Almonor,Fairleigh Dickinson,NEC,68.1,2.1,-1.8,110.3,23.4,53.2,56.2,5.4,15.1,9.8,14.9,3.1,1.1,4.7,13.9
202,Sr,Tolu Smith,Mississippi St.,SEC,68,3.8,8.1,109.6,30.3,57.6,58.7,15,20.3,16.3,17.1,3.2,1.5,8.5,15.8
203,Sr,Jaylin Williams,Auburn,SEC,67.8,3.3,8,116.9,18.9,53.9,56.8,5.2,14.1,16.1,13,3.1,2.3,4.8,11.1
204,So,KJ Adams Jr.,Kansas,B12,67.8,3.3,5.1,115.7,18.8,63.1,62.9,9,9.3,13.7,18,3.1,1.5,4.4,10.4
205,Sr,Brandon Johns Jr.,VCU,A10,67.7,2,2.7,104,22.2,54.4,58.7,7.6,15.2,5.7,20.3,3.4,2.2,5.3,11.8
206,Sr,Jaylon Scott,College of Charlesto,CAA,67.7,0.2,2.1,103.7,12,47.7,51.8,7.1,14,15.2,28.7,2.5,2.3,5.3,4.1
207,Jr,Steve Settle III,Howard,MEAC,67.6,1,0.3,100.5,19.2,47.9,53.8,4.3,18.6,6.7,20.6,3.3,2,5.7,11
208,Jr,Jaylen Clark,UCLA,P12,67.3,3.6,10.5,115,21.3,52.1,54.9,7.3,16.1,11.4,11.3,1.1,5.1,6,13
209,Fr,Mark Mitchell,Duke,ACC,67.3,2.1,4.1,111.3,17.5,51.7,56.3,5.7,13.1,8.3,16.7,2.1,1.5,4.4,9.1
210,Sr,Darrion Trammell,San Diego St.,MWC,67.1,1.8,3.7,100.6,22.1,42.5,47.6,1.1,8.4,24.2,16.3,0.6,3,2.2,9.5
211,Fr,Tre White,USC,P12,67.1,2,0.7,105.2,18.2,50.6,52.9,6.4,14.4,7.7,14.1,1,1,5.1,9.1
212,Sr,Dexter Dennis,Texas A&M,SEC,67,2.1,4.8,110.5,16.4,46.8,51.1,5.2,17.8,8.7,12.4,3,1.6,5.7,9
213,Sr,Emanuel Miller,TCU,B12,67,2.8,4.7,107.8,20.4,54.9,56.1,7.2,18.2,11.7,16.5,3.1,1.7,6.6,12.4
214,Sr,Dan Akin,Utah St.,MWC,66.7,3.5,4.9,120.5,19.8,66.9,69.1,7.4,23,7.1,18.3,2.8,1.1,6.9,12
215,Jr,Adama Sanogo,Connecticut,BE,66.6,4.5,8.9,121.6,25.9,61.6,64,10.9,20.7,11.1,16.5,2.9,1.8,7.3,16.8
216,Jr,Cameron Matthews,Mississippi St.,SEC,66.6,1.5,4.7,105.1,16.8,50.3,55,8.4,15.3,17.1,22.8,3.1,3.5,5.6,7.1
217,Sr,Devan Cambridge,Arizona St.,P12,66.5,2.2,3,107.9,18.6,55.2,57.1,9,13,6.6,16.6,3.5,1.4,5.5,9.8
218,Sr,Desmond Cambridge Jr.,Arizona St.,P12,66.4,2.8,7.7,105,24.1,49.4,51.8,3.5,9.8,17.3,12.4,2,3.6,3.5,13.7
219,Sr,Allen Flanigan,Auburn,SEC,66.3,1.9,2.8,103.2,19.5,52,56.1,3.5,16.2,10.1,20.6,1,1.8,4.7,10.1
220,Sr,Dashawn Davis,Mississippi St.,SEC,66.3,1.6,3.2,101.1,18.1,45.3,49.8,1.9,5.8,23.5,20.5,0.2,3.6,2,8.5
221,Sr,Matt Bradley,San Diego St.,MWC,66.1,2.8,5.9,105.9,25.8,47.5,51.5,3.3,13.7,15.9,12.5,1.2,1.6,3.8,12.9
222,Sr,Xavier Rhodes,Northern Kentucky,Horz,66.1,0.9,0.8,100.3,19.7,50.2,51.1,2.5,8,26.6,22,1,4.4,2.3,7.7
223,Sr,Jalen Jackson,Texas A&M Corpus Chr,Slnd,66,-0.1,-3.4,93.3,17.8,44,49.3,2.9,10.3,17.9,25.5,0.6,2.9,2.9,7
224,Jr,Nae'Qwan Tomlin,Kansas St.,B12,66,2.6,5.3,111,18.8,52.1,55.4,10.1,15.9,9.1,14.4,3.5,2.4,6,10.2
225,Sr,Rasir Bolton,Gonzaga,WCC,65.9,2.7,2.6,116.9,18.3,52.9,56.4,1,7.4,15.1,12.6,0.5,1.7,1.9,10.4
226,Sr,Matthew Mayer,Illinois,B10,65.9,2.9,6.7,111.7,22.6,51.9,55.4,4.3,18.7,8.6,12.8,4.7,1.8,5.5,12.8
227,Sr,Robbie Beran,Northwestern,B10,65.9,1.8,2.3,109.6,15.5,46.6,52.2,5,15.8,5,9.3,3.7,1.3,4.7,7.8
228,Jr,Henry Coleman III,Texas A&M,SEC,65.9,2.3,4,111.2,18.1,54,58.1,9,14.8,7.6,18.3,0.6,2,5.6,9.5
229,Fr,Jarace Walker,Houston,Amer,65.7,2.8,7.4,111.5,22.2,52.1,53.3,9.7,17.9,12.1,15.2,5.3,2.3,6.6,11
230,Sr,Jayden Gardner,Virginia,ACC,65.5,2.7,3.3,108.2,24.9,51.5,54.4,9.6,18.1,6.3,9.5,2.3,2.2,5.8,12.1
231,Jr,J'Wan Roberts,Houston,Amer,65.3,3.8,8.9,129.1,18.5,62.3,63.6,13.1,20.6,8,12.7,6.7,1.8,7.8,10.4
232,Jr,Andre Jackson Jr.,Connecticut,BE,65.2,2.1,5.9,108.5,16.7,48,50.3,7.8,17.8,24.6,24.9,2.2,2.1,6.3,6.7
233,Sr,Connor Vanover,Oral Roberts,Sum,65,2.8,7.7,119.2,21.8,58.6,61.1,7.1,23.5,5.7,11.3,12.1,1.4,7.2,12.9
234,Sr,Josh Pierre-Louis,UC Santa Barbara,BW,65,1.6,0.8,101.3,22.3,53.1,54.7,5.1,13.7,17.3,20.1,0.6,2.9,4,9.7
235,So,Zakai Zeigler,Tennessee,SEC,65,2.9,7.8,107.4,23.2,46.6,51.1,1.3,9.5,36.4,20.7,0.9,4.1,2.7,10.7
236,Jr,Brandon Stroud,Kennesaw St.,ASun,64.9,1.4,2,102.7,21,51.7,52.2,8.1,22,12.2,15.9,1,3.3,6.5,9.3
237,Sr,Berrick JeanLouis,Iona,MAAC,64.8,1.5,2.4,112.7,14.6,51.7,53.2,5.1,11.8,12,13.1,4,2,4.2,7.8
238,So,Julian Reese,Maryland,B10,64.8,3,4.8,111.5,22.8,63.2,62,12.1,21.2,8.1,19.3,4.8,1.9,7.3,11.2
239,Sr,Calvin Wishart,UC Santa Barbara,BW,64.7,1.6,0.7,111,16.3,54.1,59.1,1.4,12.7,18.7,19.9,0.4,2.3,2.9,7.3
240,Sr,Jelani Williams,Howard,MEAC,64.7,1.1,-0.7,101,20.7,47.5,51.5,6.6,14.2,15.4,20.9,0.3,2.7,4.4,9.2
241,Sr,Erik Stevenson,West Virginia,B12,64.5,3.7,6.8,108.9,29,53.1,56.1,2.1,14.5,22.2,17.4,0.7,2.3,3.5,15.5
242,So,Cam Carter,Kansas St.,B12,64.4,-0.1,-0.3,87,15.4,44.1,46.6,1.7,11.3,10.5,23.2,1.2,1.9,3,6.4
243,Sr,Spencer Rodgers,Kennesaw St.,ASun,64.3,0.2,-0.2,97.8,15.2,47.4,49.4,0.9,13.8,14.7,18.4,0.9,1.9,3.3,6.4
244,Jr,Lamont Butler,San Diego St.,MWC,64.3,1.4,2.6,97.2,21.5,46.4,49.4,1.6,10.1,24.7,21.8,0.3,3.6,2.6,8.5
245,Sr,Osborn Shema,Iona,MAAC,63.8,1.8,3.2,118,14.1,57.1,58.5,7.2,13.5,10.2,15.7,5.2,1.5,4.8,7.2
246,Sr,Olivier Nkamhoua,Tennessee,SEC,63.8,2.5,5.6,108.4,21.7,54,56.1,7,15.4,16.7,18.9,3.2,1.1,5,10.6
247,Sr,Timmy Allen,Texas,B12,63.4,2.4,4.6,104.1,22.4,48.6,52.9,5.4,17.5,22.5,18.8,1.9,1.8,5.5,10.5
248,Jr,Ethan Morton,Purdue,B10,63.4,0.7,4,104,11.4,42.9,46,2.5,11.3,16.5,21.1,2,2,3,3.9
249,Sr,Carlos Jurgens,Oral Roberts,Sum,63.2,1.4,0.5,107.1,19.1,53.5,54.1,3.5,13.6,13.1,14.8,1.6,1.7,4.1,9.2
250,So,Johni Broome,Auburn,SEC,63.1,3.3,8.2,108.7,26.8,54,55,12.5,23.4,12.4,14.4,9.6,2.1,8.4,14
251,Sr,Sir'Jabari Rice,Texas,B12,62,3.3,7.3,114.3,23.2,53.8,59.9,3.2,13.6,15.3,15.2,1.7,1.9,3.6,12.6
252,Sr,Warren Washington,Arizona St.,P12,62,2.4,4.5,110.8,18,56.2,58.8,8.4,19.3,11.3,17.7,7.3,1.2,6.9,9.2
253,So,Trey Galloway,Indiana,B10,62,2.4,2.5,119.5,12.3,56.1,58,2.9,9.2,11.8,11.5,0.3,1.2,3,6.8
254,Jr,Will Baker,Nevada,MWC,61.8,2.9,3.9,110.1,25.5,59.7,64.2,5,19.4,8.5,18.3,1.5,1.4,5.1,13.5
255,Sr,Jubrile Belo,Montana St.,BSky,61.6,2.3,2.3,107.4,27.4,56.2,62.1,10.4,19.7,9.2,21.4,4.6,1.5,6.1,13
256,Sr,Donald Carey,Maryland,B10,61.4,1.4,1.2,106.4,16.1,50.2,53.5,1.7,8,8.7,15.1,0.3,1.1,1.9,7.3
257,Jr,Bryan Greenlee,Florida Atlantic,CUSA,61.2,0.7,0.9,100.1,17.3,52,53.7,1.3,9.7,15.2,23.4,0.4,1.9,2.5,7.1
258,Sr,Trevon Faulkner,Northern Kentucky,Horz,61.1,1,-1,105.5,18,49.2,52.6,1.6,11.2,6.9,12.4,0.5,2.5,2.8,8.6
259,Sr,Caleb Burgess,UNC Asheville,BSth,61.1,-0.3,-6.5,85.7,20.1,41.9,45.5,1.4,8.4,33.8,32.7,0.1,1.8,2.1,5.1
260,So,Federiko Federiko,Pittsburgh,ACC,61.1,2.6,3.3,128.5,13.7,66.7,67,12.5,13.8,3.9,15.5,8,1,5.6,7
261,Sr,Darnell Brodie,Drake,MVC,60.7,1.5,1.1,102.5,22.2,52.7,54.4,10.8,24.1,8.4,18.6,4.6,0.6,7.3,8.8
262,So,Reyne Smith,College of Charlesto,CAA,60.7,2.4,3.6,121.4,18.1,50.2,55.2,0.6,9.1,10.2,8.1,0.1,1.7,2.1,10.8
263,Sr,Caleb Fuller,Montana St.,BSky,60.6,0.6,-1,104.6,15,48.4,55.5,3.1,12.5,8.9,17.8,0.4,1.2,3.2,6.7
264,Sr,Caleb Grill,Iowa St.,B12,60.6,1.9,4,107.7,15.4,54.1,57.3,1.7,15,8.2,19.3,0.2,2.4,4,9.5
265,Sr,Elijah McCadden,Memphis,Amer,60.5,1.6,1.5,108.5,16.1,56.9,58.5,7.3,11.7,9.9,20.1,1.6,1,4.1,7.6
266,So,Tyler Patterson,Montana St.,BSky,60.2,-0.1,0,102.6,10.2,51.7,52.2,0.5,5.8,3.7,10.6,0.9,1.2,1.2,5.1
267,Fr,Jordan Walsh,Arkansas,SEC,60.2,1.4,3,105.6,15.8,49.2,52.5,5.8,13.8,7.1,14.9,2.2,2.4,4.1,7.2
268,Jr,Shakeel Moore,Mississippi St.,SEC,60.1,1.3,3.9,95.4,22.1,46.8,49.3,2.4,10.8,18.8,20.5,1.5,4,3,9.6
269,So,Jalen DeLoach,VCU,A10,59.8,2,3.5,105.9,22.8,56.7,57.6,13.5,20.7,9.3,19.5,6.3,2.6,7,10
270,Fr,Noah Clowney,Alabama,SEC,59.6,2.6,7.4,113.4,18.1,55.6,57.8,8.9,20.9,5.8,15.4,3.8,1.2,7.9,10.2
271,Jr,Mike Miles Jr.,TCU,B12,59.4,3.6,4.7,106.9,25.5,55.5,59.7,0.9,9.2,16.3,19.4,0.7,2.2,2.8,17.3
272,Sr,Demond Robinson,Kennesaw St.,ASun,59.2,2.3,2.4,111.8,23.9,54.1,56.5,11.4,17.6,7.7,12,4.8,2,5.8,11.1
273,Sr,Keegan Records,Colgate,Pat,59,3.7,6.3,130.6,23.4,68.6,68.3,12.6,18.5,11.7,11,5.8,1.4,6,13
274,So,Johnell Davis,Florida Atlantic,CUSA,59,3.1,7.5,115.3,24.6,56.3,60.9,5.1,17.6,10.9,16.2,0.6,3.3,5.2,13.5
275,So,Jamir Watkins,VCU,A10,59,1.4,4,99,23.4,48.1,52.4,5.6,21.5,12.5,18.9,3.2,2.9,5.4,9.6
276,Sr,Jared Bynum,Providence,BE,58.9,2.5,1.8,110,21,46.3,51.2,1.5,8.8,28.2,17,0.5,1.8,2.5,10
277,So,Brooks Barnhizer,Northwestern,B10,58.9,1.9,3.8,109.5,17.7,49,54,5.7,18.7,9.7,12.8,2.3,1.9,4.9,7.7
278,Fr,Jayden Epps,Illinois,B10,58.5,1.6,0.2,103,19.8,48.9,51.3,1.1,7.2,11.6,15,0.8,1.4,1.9,9.7
279,Jr,Nick McMullen,UNC Asheville,BSth,58.4,0.6,-3.2,98.2,19.5,55.6,54.6,8.7,18.9,5.6,19.7,2,1.1,5.6,8
280,So,Alijah Martin,Florida Atlantic,CUSA,58.4,3,6.8,114.7,24.3,54.3,57.5,7.2,15.5,11.4,14,1,2.3,5.4,13.1
281,Sr,Dalton Bolon,College of Charlesto,CAA,58.4,2.2,3,112.9,23.6,49,53.1,4.9,15.1,11.2,11.7,0.1,1.9,4.2,12.4
282,Sr,Terence Lewis II,Louisiana Lafayette,SB,58,3.7,6.7,132.2,20.2,60.5,64.3,13.4,23.9,8.3,9.9,0.9,2.2,7.5,11
283,So,Wooga Poplar,Miami FL,ACC,58,1.9,2.8,113.8,16.9,55.8,58.8,2.2,14.4,10.9,16.6,1.2,2.8,3.3,8.3
284,Jr,Sean East II,Missouri,SEC,57.8,1.5,0.1,104.3,18.6,48.7,53.3,2.2,8.2,19.2,19.6,0.2,3.3,2,7.3
285,So,Jaden Akins,Michigan St.,B10,57.7,1.7,4.4,101,19.6,51.3,53,3.1,13.6,8.8,15.2,1.3,2.6,3.9,9.6
286,Sr,Cedric Henderson Jr.,Arizona,P12,57.5,1.9,3.5,109.2,16.9,55.1,57.8,5.9,10.4,8,17.8,2,1.8,3.5,8.3
287,Sr,Joirdon Karl Nicholas,Texas Southern,SWAC,57.3,0.8,-1.2,94.2,21.6,51.9,51.2,9.3,26,11.7,20.8,3.5,1.4,8.9,10.7
288,Sr,DJ Burns,North Carolina St.,ACC,57.2,2.7,4,108.6,28,56.7,57.5,8.6,15.2,14.1,17.3,4.1,1.7,4.8,12.8
289,So,Stevie Mitchell,Marquette,BE,57.2,1.5,3.3,110.5,15.1,51.8,54.9,3.7,10,7.6,11.6,0.6,4.2,2.6,7
290,Sr,Aaron Deloney,Vermont,AE,57,2.4,2.8,112.9,25.2,55.4,58.2,1.6,10.9,16.3,9.5,0,1.4,2.3,11.7
291,Fr,Nicholas Boyd,Florida Atlantic,CUSA,56.8,2.3,5.3,118.8,18.3,57,58.1,3.8,15.2,17.5,14.3,0.1,2.1,4.1,9
292,Sr,Kam Gibson,Vermont,AE,56.7,1.3,-0.3,113.9,14.7,56,57.8,1,7.4,5.6,5.7,0.5,1.3,1.6,7.3
293,Sr,DeAndre Gholston,Missouri,SEC,56.6,1.9,-1.1,101.6,24.8,48.6,53.7,1.7,10.4,14.4,16.8,0.5,1.8,2.3,10.7
294,Jr,Kasen Jennings,Kennesaw St.,ASun,56.5,0.7,-0.6,106.4,13.6,53.1,56.4,1,7.6,12.1,18.6,1.4,1.8,1.7,6.2
295,Sr,Israel Barnes,Southeast Missouri S,OVC,56.1,0.9,-2.1,103.6,18.3,49.8,50.2,4.8,8.2,9.6,9,1.1,1.4,3.1,10.3
296,Sr,Nike Sibande,Pittsburgh,ACC,56,1.7,2.4,110.9,18.6,52,55.7,2.9,16.7,10.5,13.7,1.2,1.4,3.9,8.5
297,Jr,Jalen Gaffney,Florida Atlantic,CUSA,56,0.5,0,102.6,13.5,41.1,45.2,1.1,10.9,17.6,17.4,0,1.3,2.5,4.8
298,Sr,Ben Vander Plas,Virginia,ACC,55.9,1.3,3.1,103.5,18,50,50.4,4.8,18.7,11.6,9.9,2,2.1,4.6,7.4
299,So,Aquan Smart,Southeast Missouri S,OVC,55.5,-0.4,-4.2,85.3,20.1,41.5,47.9,2.1,12.7,15.1,25.6,1.6,3.3,3.1,7.5
300,Sr,Keshad Johnson,San Diego St.,MWC,55.4,2,4.9,113.2,17.3,56.1,57.6,7.6,19.7,5.5,13.1,2.4,1.3,5.1,7.7
301,Sr,Ross Williams,Texas A&M Corpus Chr,Slnd,55.4,1.4,0.3,113.5,18,54.1,56.4,1.4,8.9,8.2,11.6,0,2,2.1,9.7
302,So,Reese Dixon-Waters,USC,P12,55.2,1.5,0.2,96.7,21.5,49.1,53.4,3.7,10,8.6,20.6,1.8,1.7,3.2,9.8
303,Jr,PJ Henry,Texas Southern,SWAC,54.6,1.3,-1,93.1,27,42.9,47.2,2.2,5.9,16.1,16.4,0,2.8,1.9,12.8
304,So,Dylan Branson,Southeast Missouri S,OVC,54.6,0.4,-2,103.2,15.4,53.6,56.8,4.3,16.5,13.4,22.1,0.7,2.1,4.5,6.8
305,Fr,Julian Phillips,Tennessee,SEC,54.6,2.5,5.1,112.8,19.7,44.8,54.6,8.8,14.2,11.5,16.1,3.1,1.5,5,9
306,So,Jalen Sullinger,Kent St.,MAC,54.5,1.7,1.3,119.5,15.6,58.7,60.6,0.5,6.8,5.9,11.1,0.5,1.4,1.4,8.6
307,Jr,Ahron Ulis,Iowa,B10,54.4,0.9,-1.1,100.5,15.9,46.3,49.1,0.9,7.5,15.7,17.4,0.6,1.4,1.6,6.2
308,Sr,Tyreke Key,Tennessee,SEC,54.3,1.6,2.2,105.1,18.8,45.3,50.2,3.5,8.7,11.2,14.8,0.2,1.7,2.6,8.4
309,Fr,Adem Bona,UCLA,P12,54.3,2.4,5,117.7,16.9,66.9,65.9,11.5,16.2,5.8,20.1,9.2,1.5,5.4,7.8
310,Sr,Flo Thamba,Baylor,B12,54.2,1.1,0.3,103.6,14.3,57.3,61.1,8.9,17.7,5,27.1,2,1.2,4.8,5.1
311,Jr,Sean Moore,Fairleigh Dickinson,NEC,54.1,0.8,-1.2,108.1,16.5,51.4,53.6,9,15.1,7.5,17.1,1.9,3.5,4.5,6.6
312,Sr,Matt Veretto,Vermont,AE,53.9,2.4,5,127.1,17.1,63.7,64.4,3.1,13.8,7.5,4.6,2.8,1.8,3,8.8
313,Sr,Joe Toussaint,West Virginia,B12,53.9,2.4,3.5,106.1,24.8,43.4,50.8,3.6,12.6,23.8,16.8,0.2,2.2,2.8,9.5
314,Jr,Mady Sissoko,Michigan St.,B10,53.5,1.1,1.4,105.7,14.5,60.2,61.8,10,22.7,4.9,25.2,4.1,0.6,6.1,5
315,Sr,Chuck O'Bannon Jr.,TCU,B12,53.4,2,5.4,113.1,17.1,48.3,52.5,7.4,10.5,8.1,9.8,4.8,2.2,3.4,7.5
316,Fr,Chris Livingston,Kentucky,SEC,53.4,1.3,1.6,108.1,15,48.8,52.7,5.3,16.7,5.5,16.2,1.6,1.2,4,6.2
317,Jr,Micah Parrish,San Diego St.,MWC,53.3,1.4,4.1,105.6,18.2,49,53.4,4.7,14.2,6.2,15.3,1.8,2.2,3.4,7.6
318,So,Vladislav Goldin,Florida Atlantic,CUSA,53.3,2.6,4.7,118.1,23.3,63.8,63.6,12.6,22.2,4.1,15.3,6.1,1.1,6.4,10.6
319,Fr,Isaac McKneely,Virginia,ACC,53.1,1,1.5,105.8,15.4,56.1,57.4,1.3,11.9,6.8,12.8,0.8,1.1,2.2,6.6
320,Jr,Patrick Mwamba,Oral Roberts,Sum,52.9,1.1,0.3,107.8,18.2,56.4,57.5,5.7,20.8,4.7,15.7,2.7,2.6,5.5,7.9
321,Sr,Noah Baumann,Grand Canyon,WAC,52.8,2.2,3.4,122.7,15.5,59,62.9,3.3,14.6,5.5,13.2,0.9,1.1,3.5,7.5
322,Sr,Myles Dread,Penn St.,B10,52.7,1.2,1.8,110.9,12.9,56.2,56.7,1.4,9.6,7.1,9,0.6,1.4,2,5.3
323,Jr,K.D. Johnson,Auburn,SEC,52.7,1.4,1.7,97.9,22.3,45.7,50.7,2.5,7.4,11.7,18,0.2,3,1.9,8.8
324,Sr,Michael Forrest,Florida Atlantic,CUSA,52.6,1.5,2.5,106.8,20.9,50.8,53,2.1,10,13.9,14.8,0.5,1.8,2.4,8.9
325,Jr,Joshua Morgan,USC,P12,52.6,1.5,3,106.2,15.3,56.8,57,9.1,14.6,3.9,18,9.9,1.2,5.2,6.7
326,Sr,Nathan Mensah,San Diego St.,MWC,52.5,1.7,5.7,111.7,17,54.4,58,12.5,21.3,5.5,18.3,9.1,2,5.8,6.2
327,Sr,Jamon Battle,UNC Asheville,BSth,52.3,0.4,-0.5,99.3,17.5,54.1,53.6,6.9,11.6,8.7,19,2,2.3,3.6,6.6
328,Jr,Jordan Wood,Howard,MEAC,52.2,0.5,-2.2,95.4,20.7,47.7,48.2,4.2,16.3,6.1,16.7,2.7,1.4,3.7,8.8
329,Jr,Robert Ford III,Montana St.,BSky,52.1,-0.4,-1.2,88.3,16.7,34.5,42.7,5,14.7,14.6,21.3,0.5,2.1,3.3,4.5
330,Jr,Malachi Smith,Gonzaga,WCC,52,3,7.7,132.5,16.5,63.4,65.4,5.3,13.7,10.2,10.6,0.2,2.6,3.6,8.7
331,Jr,Trey Robinson,Northern Kentucky,Horz,52,0.9,-0.1,102.2,20.2,47.9,51.2,6.4,14.6,13.8,18.6,2.1,2.7,3.7,6.9
332,So,VonCameron Davis,Kent St.,MAC,51.9,0.4,-1.7,98.1,17.9,44.5,47.5,7,11.8,3.2,14.5,0.9,2.2,3.5,6.6
333,Fr,Amari Bailey,UCLA,P12,51.8,1.5,3.1,97,23.4,52.1,53.8,3.6,13.4,14.1,23.5,1.6,2.4,3.7,10.6
334,Jr,Matthew Nicholson,Northwestern,B10,51.6,1.8,4.9,112.2,17.6,58.3,56,11.5,19.1,13.2,14.7,7.7,1.8,5.5,6
335,Jr,Garrett Hien,Furman,SC,51.6,1.6,1.9,116.4,17.7,60.1,59.1,5.4,15.1,13.6,13.7,1.8,2,4.1,8
336,Jr,Noah Carter,Missouri,SEC,51.4,2.6,2.9,115.5,21.9,56.7,59.1,7.3,14.8,15.1,14.9,2.2,1.5,4,9.5
337,So,Cole Anderson,UC Santa Barbara,BW,51.4,1.5,1.1,118.2,14,60.5,61.8,0.8,7.2,4.8,9.9,0.5,1.2,1.4,7.4
338,So,Bensley Joseph,Miami FL,ACC,51.1,1.1,1.3,108.6,15.1,54.9,58,1.9,10.4,15.6,23.5,1.8,1.7,2.1,5.4
339,So,RJ Melendez,Illinois,B10,51.1,0.8,1.1,101.5,15.7,43.8,49.2,5.4,12.6,6.6,16.6,2.1,1.8,3.4,5.9
340,Jr,Julius Marble II,Texas A&M,SEC,51,1.9,1.6,106.5,21.9,53.1,54.5,8.4,14.9,4.4,14.1,2.3,1.2,4.2,9.2
341,So,Payton Sandfort,Iowa,B10,50.9,2.7,4.2,116.4,22.2,50.2,54,5.8,17,12.6,8.6,1.1,1.7,4,10
342,Sr,Makhi Mitchell,Arkansas,SEC,50.8,2.7,8.7,126.6,15.9,67,67.6,10.2,21.6,10.6,15.9,7,2.4,5.5,7.1
343,So,Tamar Bates,Indiana,B10,50.8,1.4,0.6,109.1,15.6,52.2,55.2,1.7,6.6,9.5,13.2,0.3,1.2,1.5,6.5
344,So,Dain Dainja,Illinois,B10,50.7,2.3,5,111.6,22.7,63.7,62.2,11.8,18.7,5.6,18.6,5.6,2.2,5.5,9.7
345,Sr,Jerome Hunter,Xavier,BE,50.3,2.2,3.1,117.9,17.9,57.1,59,12.2,12.6,10.6,15.4,2.2,1.1,4.3,7.3
346,Fr,Shy Odom,Howard,MEAC,50.2,2,1.7,109.1,25,54.8,57.9,10.5,13.3,13.5,18.3,2.8,2.2,4.5,10.8
347,Fr,Jaden Bradley,Alabama,SEC,49.4,1.4,1.9,99.6,21.5,42.7,49.8,2.4,10.6,26.7,22.9,0.4,1.4,2.8,7.1
348,Sr,De'Lazarus Keys,Texas A&M Corpus Chr,Slnd,49.3,0.6,-2.3,104.3,17.4,43.9,46.7,12.2,20.2,10.7,15.2,1.9,1.3,5.6,6.2
349,Fr,Zytarious Mortle,Texas Southern,SWAC,48.7,0.2,-1.3,87.8,23,48.9,49.7,3.5,15.9,9.1,21.9,1,3.7,3.7,7.9
350,Fr,Marcus Dockery,Howard,MEAC,48.6,1.9,2.1,120,16.7,61.4,62.9,2.5,9.1,8.5,15,0,1.6,2.4,9.6
351,Sr,Chandler Lawson,Memphis,Amer,48.5,1.1,2.9,110.4,13.2,60,60.8,8.2,17.5,6.4,21.3,3.3,2,4.5,5
352,So,Raekwon Horton,College of Charlesto,CAA,48.5,0.3,-1.2,99.8,15.9,47.3,50.4,5.7,11.8,9.1,22,0.8,1.8,3.3,5.5
353,Sr,Race Thompson,Indiana,B10,48.4,1.7,4,107.2,18.7,50.9,54.1,7.9,16.6,7.8,14.5,4.5,2.5,5,7.9
354,So,Charles Bediako,Alabama,SEC,48.3,2,7.7,120.1,13.9,65.4,61.7,12.9,14.5,5.7,15.9,7.6,1.7,5.6,6
355,Sr,Adam Seiko,San Diego St.,MWC,48,1.8,3.9,121.5,12.5,63.2,65.3,1.4,7.1,6.7,16.3,0.2,1.1,1.5,6.5
356,Fr,Desmond Claude,Xavier,BE,47.9,0.1,-0.5,92.1,15,47.1,48.8,2,11.8,13.6,25,0.6,2.4,2.5,4.7
357,Sr,Pat Robinson III,College of Charlesto,CAA,47.8,2.1,4.3,115.5,24.5,51.5,55.7,6.3,11.6,9.4,10.9,0.5,2.3,3.2,10.6
358,Sr,David Shriver,VCU,A10,47.5,1.2,2.9,112.6,15.1,56.7,58.2,2.1,12.1,5.8,12.5,1.7,1.2,2.3,6.5
359,Jr,Yvan Ouedraogo,Grand Canyon,WAC,47.1,0.3,-1.3,98.6,13.6,48.9,50,9.8,16.2,2.8,19,3,1.6,5.8,5.1
360,Sr,Nate Johnson,Southeast Missouri S,OVC,47.1,1.2,-1.9,119.1,14.7,65.4,64.2,9.7,10.7,6.2,15.7,5.1,0.9,3.6,6.5
361,So,David Joplin,Marquette,BE,46.8,1.7,3.1,104.9,23.8,54.7,57.1,5.4,15.6,7.2,16.5,1.9,2,3.3,9.3
362,Sr,Jimmy Bell Jr.,West Virginia,B12,46.7,1.3,1.3,105.6,16.6,54.9,58.3,15.7,18.8,4.5,24.5,2.5,1.7,5.2,4.9
363,Jr,Josh Baker,Grand Canyon,WAC,46.7,0.5,-1.1,94.9,18.5,48.3,50.6,1.4,10.9,19.1,25.5,1.4,1.5,2.5,6
364,So,Ante Brzovic,College of Charlesto,CAA,46.6,2.1,4.6,110.6,29.2,51.3,54.5,9.5,24.8,10.7,13.7,2.9,2.1,5.9,11.6
365,Fr,Dereck Lively II,Duke,ACC,46.6,2.4,8.9,131.3,13.5,66.1,65.7,12.6,16.6,10.4,14.9,12.7,1.6,5,5.4
366,Sr,Sahvir Wheeler,Kentucky,SEC,46.4,1.8,1,105.3,18.7,46.5,47.3,1,8.5,34,20.8,0.4,1.9,2.3,7.7
367,So,Caleb Furst,Purdue,B10,46.4,2,4.9,121.1,16,54.4,55.5,12.9,17.5,7.7,11.2,2,1.3,4.7,5.6
368,Fr,Conor Enright,Drake,MVC,46.4,0.4,0,101,14.7,50,52,2.2,11.7,15.1,19.7,0.4,2.3,2.2,4.2
369,Sr,Alex Lomax,Memphis,Amer,46.3,1,4.6,99.4,15.8,47.4,51.6,2.5,10.1,19,24.2,0.4,4.8,3.2,6.9
370,So,Great Osobor,Montana St.,BSky,46.3,1.5,2.5,103.7,28.4,60.7,63.4,8.9,20.2,12.2,24.3,5.2,1.9,4.5,10
371,Sr,Osun Osunniyi,Iowa St.,B12,46.2,2.3,7.2,114.3,22.9,59.3,60.9,11.3,16.1,12.8,17.9,8.9,1.3,4,8.5
372,Sr,Zach Freemantle,Xavier,BE,46,3.5,6,111.4,24.7,61.5,62.5,6.5,25.5,19.1,20.5,2.4,1.7,8.1,15.2
373,Sr,Dylan Disu,Texas,B12,45.8,2.2,6.9,115.2,19.6,62.4,64.6,6.9,18.4,10.4,18.8,7.8,1.9,4.2,8.3
374,Sr,Ryan Young,Duke,ACC,45.7,2.7,7.2,129.6,18.4,68,71.3,15.8,20.7,15.1,21.3,2.9,1,5.8,6.6
375,Jr,Mason Gillis,Purdue,B10,45.6,2.3,5.9,122,16.6,59.3,62.3,7.7,14.4,11.6,18.3,0.3,1.5,3.7,6.7
376,So,Joe Charles,Louisiana Lafayette,SB,45.5,0.7,2.4,104.4,15.6,53,52.1,8.4,16.2,5.8,17.1,2.2,3.7,4.1,5.4
377,Sr,Brock Cunningham,Texas,B12,45.2,2.4,7.2,130.5,13.4,59.6,63.3,10.9,10.7,12.2,14.3,1.3,2.7,3.4,4.8
378,Sr,Zep Jasper,Auburn,SEC,45,0,-1.4,98.5,8.9,42.3,44.2,1.8,3.9,4.4,10.2,0.2,1.5,0.9,2.9
379,Sr,Shahada Wells,TCU,B12,45,1.3,5.1,104.2,19.3,50,52.1,1.5,12.9,24.9,18.6,1.1,3.7,2.3,6.2
380,Fr,Dillon Mitchell,Texas,B12,45,1.4,4.5,116.7,12.6,62.6,60.4,9.8,17.1,3.9,14.5,2,1.9,4.2,4.7
381,Sr,Jahvon Quinerly,Alabama,SEC,44.8,1.6,2.8,100,23.8,45.9,49.3,1,7.8,34.5,24,0,1.8,1.9,7.7
382,Jr,Alyn Breed,Providence,BE,44.8,0.4,-1.3,96.8,16,44.9,51,1,13.8,14,24.3,0,2.3,2.4,4.9
383,Sr,Jaedon LeDee,San Diego St.,MWC,44.7,2.4,6.1,115.4,23.9,50.3,57.1,13.6,20.5,11.4,14.4,2.3,1.7,5.1,7.9
384,Jr,Ian Martinez,Maryland,B10,44.7,1.3,2.3,109.9,17,54.6,58.7,4.4,13,6.3,17.9,1.6,1.4,2.5,5.8
385,Jr,Patrick McCaffery,Iowa,B10,44.6,2.2,3.5,109.5,21.4,49.3,53.6,4.5,14.4,8.1,11.6,1.5,2.2,3.6,10
386,Jr,Micah Peavy,TCU,B12,44.5,1,2.3,95.7,20.5,41.9,45.3,6.9,10.1,10.6,14.5,3.8,2.9,3.1,7.3
387,Sr,CJ Fredrick,Kentucky,SEC,44.4,1.7,1,115.2,13.9,46.6,50.2,1.2,2.9,11.8,10.5,0,1.5,0.8,6.4
388,Sr,Nahiem Alleyne,Connecticut,BE,44.4,0.6,-1,100.7,14.5,43.5,46.1,2.2,5.5,7.8,15.1,0.4,1.5,1.2,4.8
389,Sr,Eric Reed Jr.,Mississippi St.,SEC,44.4,0.4,-0.1,99.7,13.9,37.6,39.8,7,5.7,9.1,7.4,0.7,1.7,2,3.8
390,Jr,Joe Munden Jr.,Fairleigh Dickinson,NEC,44.4,1.4,-3.2,106.1,23.9,51.9,55,6.3,21.4,9.5,16,0.6,1.8,4.9,10.4
391,Jr,Brandon Newman,Purdue,B10,44.3,1.1,2.7,102.1,19.6,46.1,50.2,2.5,18.1,11.3,18,2,1.9,3.1,6.1
392,Jr,Jeff Woodward,Colgate,Pat,44.1,1.9,3,116.3,23.8,58.8,59.3,12.2,18.9,20.5,17,5.2,1,4.5,7
393,Sr,Simeon Fryer,Texas A&M Corpus Chr,Slnd,43.8,-0.2,-3.9,102.4,10.4,52.8,56.4,4.2,8.9,7.1,25.5,2.4,1,2.7,4.2
394,So,Nick Kern Jr.,VCU,A10,43.8,1,1.8,110.8,15.1,62.2,62.5,5.5,13,9.6,20.1,1.5,2.3,2.7,5.3
395,Sr,Christian Bishop,Texas,B12,43.7,1.3,3.9,104.2,19.3,52.5,54.7,7.8,15.9,9,17.2,3.9,2.6,3.6,6.3
396,Jr,Giovanni Santiago,Kent St.,MAC,43.7,1.4,1.7,115.1,13.1,53.3,57.6,0.2,7,10.4,14.9,0.9,2.1,1.8,7.5
397,Sr,Keeshawn Kellman,Princeton,Ivy,43.7,1.5,-0.7,106.1,24.5,58.8,60.4,11.8,17.4,6.2,21.3,4.2,0.4,4.6,8
398,Sr,Jack Clark,North Carolina St.,ACC,43.5,3,7,124.5,17,52.3,54.6,8.4,20.8,10.3,6.4,1.7,3.8,6.7,9.3
399,So,Jahmai Mashack,Tennessee,SEC,43.5,0.6,5.4,96.6,18.2,45.2,47.7,7.9,7.9,16.1,23.2,2.3,4.9,2.4,4.5
400,So,Jonas Aidoo,Tennessee,SEC,43.5,1.3,5.6,111.9,15.2,51.1,53.1,11,19.6,10,16.6,8.6,1.6,4.8,4.8
401,Sr,Aljaz Kunc,Iowa St.,B12,43.2,2.2,6.1,119.1,14.4,56.8,59.9,4.7,16.8,10,15.1,1.7,2.4,4.2,7.5
402,Fr,Nick Davidson,Nevada,MWC,43.2,1.8,2.4,112,20.7,51.7,58.2,10.5,17.6,5.1,13.9,3.7,1.5,4.1,7.1
403,Jr,Zeb Jackson,VCU,A10,43.1,0.6,0.9,97.1,19.4,43.8,50.9,1.3,8.8,19.6,21.5,0.9,3.1,1.5,5.3
404,Fr,Ty Rodgers,Illinois,B10,42.7,0.6,1.1,103.8,13.1,51.1,49.6,11.3,15.3,9.7,20.6,1.1,1.9,4.1,3.2
405,Sr,Robert Jones,Iowa St.,B12,42.2,0.8,-0.1,92.1,23.4,48.5,47.9,12.4,15.7,10.5,21.5,3.4,2.5,3.8,5.8
406,Fr,Jo'el Emanuel,Fairleigh Dickinson,NEC,41.9,0,-6.5,99.3,14.2,46,49.3,8.9,8.9,10.2,23.3,0.9,1.8,2.5,3.5
407,Sr,Keonte Kennedy,Memphis,Amer,41.7,1.8,3.3,109.7,18,55.8,56.4,5.5,7.3,6.2,13.9,0.6,2.8,2.6,9.2
408,So,JaKobe Coles,TCU,B12,41.4,2.5,8.5,119,23.2,52.5,56.9,9.3,17.3,13.8,9.8,4.1,2.2,3.9,8.6
409,So,Hunter Sallis,Gonzaga,WCC,41.2,1.2,2,114.3,14.1,50.9,55.1,3.9,11.6,11.6,15.6,1.2,2.2,2.2,4.5
410,So,Ben Burnham,College of Charlesto,CAA,41.1,1.8,4.4,120.2,21.5,61.5,62.9,7.1,16.1,6.8,15.4,2.2,1.1,3.6,9
411,So,Cli'Ron Hornbeak,Kent St.,MAC,41,1.6,3,127.5,15.4,73.1,71.1,13.7,20.7,3.2,18.4,6.4,1.6,5,5.6
412,Sr,Alonzo Gaffney,Arizona St.,P12,40.9,-0.4,-1.2,84.6,13.3,39.7,42.4,4.9,13.8,6.1,20.8,3.6,1.5,2.9,3.1
413,So,Giancarlo Rosado,Florida Atlantic,CUSA,40.9,1.6,3.9,119.8,17.9,60.7,63.9,9.1,14.5,13.1,19.8,2.8,1.3,3.6,5.6
414,Sr,Sardaar Calhoun,Drake,MVC,40.9,0.8,1.7,100,20.8,51.9,54.1,3.4,9.5,3.2,14.7,1.5,1.6,2.1,7.2
415,Sr,Jordan Gilliam,Texas Southern,SWAC,40.8,-1.6,-6.1,74.2,11.1,26.7,32.1,1.2,11.5,11.8,18,0.8,1.1,2.3,2.6
416,Fr,Chase Ross,Marquette,BE,40.5,1.1,2.9,111.1,14.5,53.5,56.7,3,9.9,8,13.5,1,3.9,1.8,4.8
417,Sr,Patrick Emilien,Maryland,B10,40.3,1.1,2.8,118.4,9.4,55.1,61.6,7.9,12.3,2.6,18.5,4.4,1.3,2.9,2.8
418,Sr,Malik Hall,Michigan St.,B10,40.2,2.1,2.6,106.1,20.4,50,55.3,6.7,12.5,9.3,16.7,1.6,0.8,4.2,9.2
419,Sr,Jalen Dalcourt,Louisiana Lafayette,SB,39.8,0.9,0.2,106.9,18.2,49.7,51.9,3.6,6.8,8.7,14,1.3,1.8,1.4,5.8
420,Sr,Dale Bonner,Baylor,B12,39.8,1.5,5.6,111,15.9,50,56.1,1.6,6,25.9,24.6,0.7,4.5,1.2,4.7
421,Sr,Jacob Grandison,Duke,ACC,39.5,1.2,3.3,116,14.8,51.1,53.7,3.1,11.7,15.1,14.6,0.4,1.6,2.1,4.4
422,So,Eddie Lampkin Jr.,TCU,B12,39.5,1.4,2,104.5,17.7,54.7,55.3,14.6,16.4,9.8,22.5,2.4,1.6,5.9,6.3
423,Jr,Brandon Weatherspoon,Florida Atlantic,CUSA,39.3,1.5,3.7,121.5,15.7,53.8,55.2,6,8.2,8.2,7.3,0,1.8,2,5.2
424,Sr,Tydus Verhoeven,Northwestern,B10,39.2,0.9,1.2,115.8,10.2,55.7,57.1,8.6,11.2,8.4,17.8,5.5,1.9,2.7,2.5
425,Fr,Ben Vander Wal,Furman,SC,39,1.2,-0.1,121.7,14.4,58.3,61,10.3,12.2,3.4,13.1,1.8,1.3,3.2,5.1
426,Sr,Chris Payton,Kent St.,MAC,38.8,2.1,5.2,135.6,16.5,77.1,75.2,10.2,23,3.9,14.7,7.5,1.2,4.8,6.6
427,Sr,Heru Bligen,Fairleigh Dickinson,NEC,38.7,1.4,-2.3,115.7,18.5,55.3,57.5,11.5,8.9,5.5,13.1,1,2.1,3.6,7.9
428,Jr,Kadin Shedrick,Virginia,ACC,38.7,2.1,7.1,127.1,16.4,66.1,70.2,8,17.8,7.6,15.7,10.1,3.1,3.5,5.9
429,Sr,Josiah-Jordan James,Tennessee,SEC,38.5,2.3,6.1,108.4,21.2,47.7,50.9,4.2,17.7,14,12.9,0.5,2.7,4.7,10.2
430,Fr,Langston Love,Baylor,B12,38.5,1.9,3.3,114.6,18.6,51.7,54.9,6.3,9.6,9.1,12.1,0.9,1.4,2.2,6.6
431,Fr,Kolby Granger,Texas Southern,SWAC,38.5,0.5,-1.4,100.9,16.8,51.4,54.1,8.1,9.9,10.4,21.3,0.9,1.7,2.7,5
432,Jr,Andersson Garcia,Texas A&M,SEC,38.4,1.2,3.4,116.9,13,54,60.2,14.6,15.9,8.9,22.7,1.8,2,4.3,3.3
433,So,Babacar Faye,College of Charlesto,CAA,38.3,0.6,0.3,105,17.4,52.1,57.9,9.5,23.8,6,24.1,4.5,1.4,4.7,4.8
434,Fr,Dariq Whitehead,Duke,ACC,38.3,1.3,2.4,103.4,20.9,50.8,53.5,2.8,10.5,10.2,19,0.8,2.3,2.3,8.1
435,So,Bryce Harris,Howard,MEAC,38.2,1.2,1.7,114.6,18.8,59.5,60.3,11.9,11.7,6.1,16.9,4.4,1.5,3.5,7.1
436,So,Kehlin Farooq,Texas Southern,SWAC,38.2,0,-2.5,93.5,16.5,50,52.3,6.6,16.7,12.9,26.5,2.8,1.5,3.9,4.9
437,Fr,Kylan Boswell,Arizona,P12,38.2,1.2,4.6,111.2,15,56,57.8,1.2,9.6,17.5,19.7,0,2.7,1.6,4.6
438,Jr,Josh Earley,Southeast Missouri S,OVC,38.1,0.8,-3.2,104.2,20,58.1,57.9,8.1,24.2,0.9,15.3,1.3,0.4,5,7.6
439,Sr,Andre Gordon,Texas A&M,SEC,38.1,-0.3,-0.2,90.5,11.2,41,42.8,1.8,9.9,14.8,25.5,0,1.7,1.6,2.3
440,So,Kobe Clark,Southeast Missouri S,OVC,37.8,-0.3,0.1,92,16,41.6,43.6,7.7,22.9,15.7,21.2,4.3,2.6,8.7,6.6
441,Fr,Malik Reneau,Indiana,B10,37.8,1.2,0,101.2,23.6,56.1,58.5,9.4,19.5,9.7,23.6,1.8,1.9,3.9,6.4
442,Sr,Aguek Arop,San Diego St.,MWC,37.7,1.4,7.1,116.4,15.3,61.1,62.3,9.2,12.8,10.3,19.5,4.8,2.5,2.9,4.5
443,Jr,David N'Guessan,Kansas St.,B12,37.7,1.8,5,117.8,14.6,72.8,67.7,9.7,12.8,8.4,19,3,1.5,3.8,6.4
444,Jr,Xavier Cork,TCU,B12,37.5,1.2,1.3,113.5,14.6,57.8,58.8,8.7,10.8,5.3,14.8,3.2,1.7,2.6,4.5
445,So,Augustas Marciulionis,Saint Mary's,WCC,37.5,1.3,2.3,106.3,22.5,46.4,52.3,1.8,8.2,20,16.8,0.9,2.3,1.2,5.7
446,Fr,Rylan Griffen,Alabama,SEC,37.3,1.2,5.2,106.2,18.8,48.8,52,5,11,8.7,15.2,0.7,2.1,2.6,6.1
447,Fr,Jace Whiting,Boise St.,MWC,37,0.2,-0.1,97.4,14,50,50.6,2.1,11.1,15.9,23.2,0.5,1.1,1.8,3.2
448,Sr,Trent Stephney,UNC Asheville,BSth,36.9,-0.4,-2.2,87.5,16.5,52.5,51.2,0.8,8.6,15.2,27.1,0,4,1.4,3.7
449,Sr,David Jenkins Jr.,Purdue,B10,36,0.5,-0.5,99.8,15.4,50,51.8,1.3,9,9.7,21.6,0,0.8,1.3,4
450,Fr,TJ Hurley,Vermont,AE,36,0.7,-2.3,107.8,15.8,50,57.5,1.1,12.7,5.4,12.4,0.2,0.9,1.7,5.2
451,Fr,Sencire Harris,Illinois,B10,35.9,0.4,2.1,97.8,15.5,48.7,47,4.7,11.3,10.6,16,2.4,3.4,2.1,3.7
452,Jr,Sam Thomson,Colgate,Pat,35.5,0.4,-4.2,105.9,14.4,50,52,5.5,15,3.4,9.6,1.2,0.6,2.7,4.3
453,Fr,Kobe Knox,Grand Canyon,WAC,35.5,1.1,2.7,112.1,16.1,58.3,59.8,4.6,6.7,10.7,18.9,4.7,1.6,1.7,5.4
454,Sr,Joey Calcaterra,Connecticut,BE,35.2,1.6,5.8,118.3,18.3,57.3,59.6,3.8,10.4,16.2,19.3,0.5,2.3,1.8,5.8
455,Sr,Francisco Farabello,Creighton,BE,35,-0.4,-1.2,85.4,13.1,42.1,42.4,0.8,7.6,9.8,18,0,1.7,1.2,2.9
456,Fr,Kebba Njie,Penn St.,B10,35,0.6,-2.1,98.2,17.5,51.1,52.9,9.7,20,6.2,22,3.8,0.7,3.6,3.4
457,Sr,Trevin Dorius,Utah St.,MWC,34.8,1.5,2.6,110.1,22.1,56.6,58.5,16.6,17.9,4,17.7,7.3,1.8,4,5.9
458,Jr,Quincy Ademokoya,Kennesaw St.,ASun,34.8,0.3,-1.4,104.9,13.4,61.8,62,1.6,11,4.2,20.7,0.3,0.7,1.5,4.5
459,Jr,Sebastien Lamaute,Fairleigh Dickinson,NEC,34.7,-0.3,-5.6,94.2,14.7,43.6,44.5,5.5,17.5,8.9,18.4,0.3,2.1,3.2,3.7
460,Fr,Xaivian Lee,Princeton,Ivy,34.3,0.7,-0.6,102.4,20.6,46,52.3,1.3,11.1,12.8,15.8,0.3,2.3,1.9,5.2
461,Sr,Jayden Hardaway,Memphis,Amer,34.2,1,0.9,108.5,14.4,50.4,53.5,2.1,4.6,5.7,11.4,1,1.4,1,5.3
462,So,Pierre Brooks,Michigan St.,B10,34.1,0.2,-0.9,94.2,15.6,43.6,44.4,4.7,9.2,4.7,10.1,0,0.7,1.7,3.6
463,Sr,Kobe Dickson,Howard,MEAC,33.8,0.4,-4.5,97.4,19.6,58.7,60.5,9.8,7,15.9,32.7,1.6,0.3,2.1,4.9
464,Fr,Emanuel Sharp,Houston,Amer,33.8,1.1,0.1,107.1,19.4,49,53.6,4.5,11.4,5.7,18,0.6,1.2,2.2,5.7
465,Jr,Chris Moore,Auburn,SEC,33.3,1.1,3,113.1,13.6,56.8,60.3,9.1,7.3,7.6,20.9,2.3,1.9,2.1,3.7
466,Fr,Austin Nunez,Arizona St.,P12,33.2,0.2,-1.6,92.2,16,50.9,54.1,1.9,5.7,10.1,26.1,0.2,2.4,1.1,4.5
467,Fr,Terrance Arceneaux,Houston,Amer,33.2,0.5,2.8,99,17.2,43.8,44.6,7.4,12.6,7.2,15,1.5,2.9,2.6,4
468,Fr,Donovan Clingan,Connecticut,BE,33,1.9,9.5,115.7,25.2,64.9,62.9,21.2,29.4,6.8,18.6,14.3,1.9,5.8,7.1
469,So,Seth Wilson,West Virginia,B12,32.9,1.4,4.2,120.1,14,51.1,51.7,3.6,4.9,7.8,3.8,0,1.6,0.9,4.2
470,Fr,Johnathan Lawson,Memphis,Amer,32.9,0.3,0.6,101,12.2,59.3,60.3,1.9,8.3,11.8,29,1.8,1.2,1.5,3.5
471,So,Jamiya Neal,Arizona St.,P12,32.9,0.5,1.4,94.3,18.1,45.9,48.4,2.3,16.9,18.5,20.5,1.3,2.2,2.8,4.5
472,Sr,Ajare Sanni,UC Santa Barbara,BW,32.7,0.5,-2,94.1,21.6,46.7,49.6,1.6,12.3,10.1,16.2,0,1.9,2,6.5
473,Sr,Noah Gurley,Alabama,SEC,32.7,0.9,4.9,106,16,55.5,57.6,6.2,14.2,6.7,21.9,2.4,1.2,3.2,5
474,Jr,Alex Caldwell,UNC Asheville,BSth,32.7,0.6,-2.7,101.6,19.8,50.4,53.9,2.1,5.5,12.7,17.2,0.5,1.6,1,5.6
475,Sr,Lukas Milner,Boise St.,MWC,32.6,0.6,0.3,104.4,14.9,58.2,57.4,10.5,13.7,5.7,22.9,5.6,1,2.8,3.1
476,Fr,Cruz Davis,Iona,MAAC,32.6,0.6,-1.5,98.4,19.1,46.7,50.6,2.1,6.1,9,17.2,1.9,2.1,1.4,6.7
477,So,Blake Peters,Princeton,Ivy,32.5,1.1,2.2,117.5,16.4,55.4,57.2,2,12,4.2,7,0.6,1.2,1.8,5.4
478,Sr,Clifton Moore,Providence,BE,32.3,1.2,3.7,114.8,18,52.1,55.5,12,17.7,4.9,13.8,9.5,1.7,3.4,4.7
479,Jr,Hassan Diarra,Connecticut,BE,32.2,-0.1,1.2,85.8,16.8,36.1,39.4,3.3,8.7,22,29.6,1.7,3.6,1.5,2.5
480,So,Zee Hamoda,Utah St.,MWC,32.2,-0.2,-4,81.4,19.4,43.3,45.8,5.1,14.9,8,26.7,1.9,0.8,2.4,4.3
481,Sr,DeShang Weaver,Oral Roberts,Sum,32.1,1.7,4.6,135.1,16.7,65.6,65.6,7.2,8.8,1.4,2.6,5.6,1.5,2.1,6.4
482,Jr,Dylan Cardwell,Auburn,SEC,32.1,1.7,8,128.2,14.4,75,69.7,14.9,17,16.1,19.6,10.8,1.3,3.9,3.8
483,Sr,Walter Ellis,Grand Canyon,WAC,31.9,1.3,1.3,129,11,67.9,71.3,1.2,14.6,8.3,18.6,0.2,1.3,2.3,4.9
484,Jr,Ismael Massoud,Kansas St.,B12,31.9,1.4,2.6,114.1,16.3,50.8,54.6,6.8,7.4,5.9,10.1,1.3,0.7,1.8,5.3
485,Sr,Reggie Chaney,Houston,Amer,31.5,0.8,4.4,113.6,12.7,64.1,60.2,11.4,11.5,4.7,20.4,3.9,3.3,2.7,2.9
486,Sr,Will McNair Jr.,Mississippi St.,SEC,31.3,0.2,0.5,93.2,16.7,48,49.4,8,21.4,6.4,21.9,5.1,1.6,3.2,3.3
487,Sr,Alex Peterson,Kennesaw St.,ASun,31.2,0.5,-1.5,103.3,17.4,57.6,57.3,6.1,18.7,10.5,20.3,1.5,1.5,2.8,4.5
488,So,Alex Williams,Furman,SC,31.2,1.5,0.9,120.7,19.9,56.8,58.5,10.4,13.4,8.1,10.4,0.8,1.2,2.9,6.3
489,So,Harlond Beverly,Miami FL,ACC,31.1,0.6,0.9,104.4,16.9,53.4,57.6,0.9,10.3,15.1,24.2,0.5,2.8,1.2,3.7
490,Sr,Uros Plavsic,Tennessee,SEC,31,1.2,4.3,109,19.3,65.7,60,12.7,16.7,11.8,19.2,3.2,1.9,3.4,4.9
491,Sr,Damaria Franklin,Memphis,Amer,31,0.1,-1.2,88.5,17.5,45.2,46.4,4.3,15.6,7.1,20.8,1.4,2.7,3.2,5.2
492,Jr,Joseph Yesufu,Kansas,B12,30.9,0.1,-1.5,86.5,17.6,43.2,44.5,0.6,9.7,5.4,13.8,0,2,1.2,4
493,Jr,Chandler Baker,Colgate,Pat,30.7,0.4,-3.1,100.7,19.2,54.3,55.6,1.3,10.1,4.2,13.7,0.5,1.3,1.1,5.1
494,Sr,Tre Gomillion,Missouri,SEC,30.5,1.2,0.6,110.3,17.1,52.2,54.8,6.8,12.3,16.2,18.2,0.9,3,2.7,4.8
495,So,Jaylen Blakes,Duke,ACC,30.5,0.6,2.1,103.7,16,43.5,47.5,2.6,10.2,16.9,16.5,1.3,2.6,1.6,3.6
496,Jr,Caleb Lohner,Baylor,B12,30.4,0.5,0.6,98,15.7,53.6,55.7,10.7,23.8,4.7,27.8,0.3,2.7,3.5,3
497,Fr,Arterio Morris,Texas,B12,30,0.9,3.7,103,20.3,51,53.7,4,10.4,7.9,14.9,1.9,3,1.5,5
498,Fr,Adam Larson,Southeast Missouri S,OVC,29.9,0.6,-0.1,115.3,13.7,58.2,59.1,1.4,13.1,1.9,6.9,3,0.5,1.7,5
499,Fr,Ryan Dunn,Virginia,ACC,29.9,0.2,2.5,101.8,12.4,56.8,56.2,6.1,22.4,4,18.7,10.7,2,2.9,2.6
500,Sr,Tre King,Iowa St.,B12,29.8,1.4,2.5,106.8,17.8,51.9,55.2,10,20.1,2.1,17,1.6,3.2,4.1,5.9
501,Jr,Greg Gantt,North Carolina St.,ACC,29.2,0.2,0.8,106.1,8.3,45.2,47.4,8.7,20.5,3.1,19.8,2.7,2.8,4.5,2
502,Sr,RJ Eytle-Rock,Utah St.,MWC,29.1,0.1,-0.9,93.1,14.4,46.4,52.2,1.3,8.6,11.8,26.1,1.1,1.2,1.1,3.1
503,Fr,Trey Kaufman-Renn,Purdue,B10,28.9,1.2,2.4,108.3,22.7,52.2,55.2,8.9,10.7,13.6,18.3,1.4,2.1,1.9,4.6
504,Sr,Makhel Mitchell,Arkansas,SEC,28.8,1,5.5,110.7,14.1,63.5,60.9,8.3,21,4.8,17.9,12.2,1.6,3.6,4
505,So,Ernest Ross,North Carolina St.,ACC,28.8,0.6,-0.1,105.7,17.1,52.3,54.2,8.5,15.9,3.9,16.8,7.5,2.1,2.5,3.6
506,So,Ben Gregg,Gonzaga,WCC,28.6,1.9,7.4,128.7,20.8,60.8,63.6,13.6,15.9,9,13.1,5.4,2.4,3.1,5.5
507,Fr,Jaxon Kohler,Michigan St.,B10,28.5,0.4,-0.5,95.9,18.3,50,49.1,11.8,19.3,5.6,18.8,5.1,0.9,3.1,3.2
508,So,Sam Lecholat,Montana St.,BSky,28.3,0.5,0.4,109.1,16.3,52.5,57.1,8.1,14.8,8.5,17.1,1.9,1.1,2.2,3.4
509,Fr,Josh Ojianwuna,Baylor,B12,28,1.6,3.4,122.6,16.2,61.6,64,14.6,17.3,3.8,17.2,3.2,1.6,3.5,4.4
510,Fr,Nick Smith Jr.,Arkansas,SEC,27.9,2.7,0.9,98.4,28,45.3,48.8,1.3,6.5,15.6,13.2,0.6,2,1.8,14
511,Fr,Jayden Pierre,Providence,BE,27.8,0.7,0.7,109.8,15.9,50.7,52.7,2.9,7.9,30.1,24.2,0.9,1.3,1.1,2.6
512,Jr,Rondel Walker,TCU,B12,27.5,-0.6,-0.8,80.8,11.2,33.8,35.2,2.2,11.9,8.6,16.6,2.9,1.7,1.6,1.9
513,Fr,Sean Jones,Marquette,BE,27.5,0.4,-1.9,94.3,19.2,48.5,51,1.3,7,14.5,21.3,0,2.4,0.8,3.8
514,Sr,Kenneth Nwuba,UCLA,P12,26.9,0.1,1,107,6.9,57.7,57.2,7.6,8.8,4.6,28.3,5.4,0.8,1.6,1
515,Sr,Tyler Stevenson,Mississippi St.,SEC,26.8,0.5,-1.1,96.8,20.8,43.4,47.3,7.5,11,6.3,14.7,2.6,1.9,1.8,3.9
516,Fr,Deven Austin,Princeton,Ivy,26.8,1,1.9,112.6,17.2,58.6,62.2,3.2,14.6,7.8,18.5,3.5,2.4,2.5,5.5
517,So,Bobby Pettiford Jr.,Kansas,B12,26.6,0.1,-1.6,90.7,14,58.3,58.9,2.9,8.2,19.1,38,0.3,0.9,1.2,2.2
518,So,Ja'Vier Francis,Houston,Amer,26.3,1.9,10.6,138.2,17.5,71.3,69.5,16.2,22.5,3.3,9.8,15,2.1,3.7,4.5
519,So,Ileri Ayo-Faleye,Vermont,AE,26,0,-2.5,94.6,15.6,51.7,55.6,5.3,13.8,3.2,23.2,4.8,2.7,1.9,3.1
520,Sr,Abayomi Iyiola,Kansas St.,B12,25.8,0.8,1.3,104.8,16.5,54.5,60.3,10.2,19,5.6,24.5,3.7,1.4,3.1,3.8
521,So,Nimari Burnett,Alabama,SEC,25.8,1,1.9,101.9,19.8,48.7,52.6,5.4,7.8,9.5,20.1,0.8,1.2,2,5.7
522,Fr,Solomon Washington,Texas A&M,SEC,25.8,1.1,4.1,117.8,14.3,53.1,58.4,12.9,14.9,5.6,17.7,5.8,2.5,2.9,3.2
523,So,Tyrese Hughey,Furman,SC,25.7,1.1,2,124.9,16.9,64.6,64.7,5.9,18.1,8.9,11.7,2,2.5,2.3,5
524,Fr,Demarion Watson,Iowa St.,B12,25.7,-0.2,1.2,88.9,12.1,41.2,41.6,9.8,18.9,5.2,22.8,7.1,1.7,2.6,1.7
525,Jr,Anthony Walker,Miami FL,ACC,25.6,0.2,-3.8,95.8,16.6,44.4,46.7,4.9,10,5,14.9,1.3,1.4,1.3,2.9
526,Fr,Dylan Andrews,UCLA,P12,25.3,0.7,1.4,104.7,17.8,49.5,50.7,2.7,9.1,16.7,16.5,0.4,1.7,1,3.2
527,Sr,Tykei Greene,Kansas St.,B12,25.2,0.3,-0.3,95.9,15.9,48.1,46.4,10.4,11.5,5.1,14.1,1.4,2.1,2.1,3
528,Jr,Jahari Long,Maryland,B10,25.1,0.5,0.2,103.8,15.8,49.2,51.4,2.6,5.9,21.1,21.2,0,1.7,0.7,2.3
529,So,Jordan Geronimo,Indiana,B10,25.1,1,4,108.8,17.1,58.4,59.3,8.2,14,4.2,17.3,7.6,2.3,2.5,4.3
530,So,Julian Roper II,Northwestern,B10,25,0.4,0.6,100.6,12.5,52.8,52,3.1,17.1,9.7,16.8,1.6,2.1,3.7,4.4
531,Fr,Tobe Awaka,Tennessee,SEC,25,1.2,3.5,119.4,17.3,60,57.7,19.6,22.4,5.4,12.7,3.9,1.1,3.9,3.5
532,Jr,Daniel Foster,Nevada,MWC,24.7,-0.2,0,94.6,10,44.6,47.3,6,10.3,13.4,29,1.6,2.1,1.9,1.5
533,So,James Okonkwo,West Virginia,B12,24.7,0.8,3.2,115.3,12.4,58.7,60.1,11.2,24.4,1.6,17,7.2,0.4,3.1,2.6
534,Fr,Tre Donaldson,Auburn,SEC,24.7,0,0.7,90.1,14.9,40.3,42.2,1.1,14.1,20.5,22,0,3.9,1.4,2.1
535,So,Michael Thomas,Louisiana Lafayette,SB,24.5,0.1,-2,92.3,18.2,34.3,41.5,2.9,6.9,24.4,23.9,0.3,3,1.1,3.2
536,Jr,Hayden Hefner,Texas A&M,SEC,24.5,0.4,-1.1,96.9,17.4,51.2,54.9,0.4,7.2,9.7,25.6,1.6,1.1,0.8,3.7
537,Fr,Skyy Clark,Illinois,B10,24.5,0.6,-1.7,96,17.7,51.4,54.2,2.2,14.8,15.1,27.6,0.6,1.3,3.7,7
538,Jr,Jovan Blacksher Jr.,Grand Canyon,WAC,24.2,1.5,2.4,96.7,22.8,40,45.1,1.6,7.7,17.9,13.6,1,3.5,2.3,10.7
539,Jr,Trey Phipps,Oral Roberts,Sum,24.2,0.5,-1.9,108.2,16.7,46.5,52.8,1.6,11.6,11.7,12.8,0.7,2.5,1.4,3.8
540,Fr,Aidan Shaw,Missouri,SEC,24.2,0.8,-1.4,118.3,11.9,61.9,61.9,7,12.9,2.1,13.4,3.9,1.2,1.8,2.8
541,Fr,Mason Miller,Creighton,BE,23.8,0.5,0.9,109.8,13.3,52.9,53.6,6.5,12.6,4.2,10.9,0,0.5,1.6,2.5
542,Sr,Luther Muhammad,Arizona St.,P12,23.7,0.2,-3.2,88.2,21,37,41.7,2.3,9.3,8.8,11,0,1.6,1,3.3
543,So,Carter Whitt,Furman,SC,23.7,-0.4,-5.5,81.3,19,38.6,39.1,1.6,12.9,26.9,31.8,0.4,1.4,1.7,2.7
544,Jr,Ebenezer Dowuona,North Carolina St.,ACC,23.6,0.1,-1.7,103.4,9.5,46.7,47,7.3,13.4,0.5,11.6,8.8,0.9,2,1.7
545,Fr,Duke Brennan,Arizona St.,P12,23.2,0.7,-0.3,110.6,15.2,51.9,55.4,14.6,12.2,3,16.7,6.4,1.3,2.4,2.4
546,Sr,Khalil Robinson,Howard,MEAC,23.1,-0.1,-2.2,102.6,10.5,50,52.5,2.9,7.5,14,25.9,0,1.4,1,1.8
547,Sr,Kaodirichi Akobundu-Ehiogu,Memphis,Amer,23.1,0.5,3.4,112.9,10.6,73.8,69.9,5,12.8,2.1,22.9,17.4,0,1.7,2.6
548,Jr,Zach Martini,Princeton,Ivy,22.8,0.4,-1.1,102.2,16.2,47.8,49.7,6.6,14.5,6.4,15.9,0,0.9,2.6,4.1
549,So,Kobe Johnson,West Virginia,B12,22.7,0.1,1.7,96.6,11.2,57.4,57,1.6,10.4,8.3,27.3,1.5,1.1,1,2
550,Fr,Guillermo Diaz Graham,Pittsburgh,ACC,22.7,0.9,3.2,111.8,19.9,50,55.6,15.3,17.5,10.8,19.8,6.8,2.7,2.9,3.1
551,So,Mohamed Wague,West Virginia,B12,22.6,1.4,4.6,121.6,18.7,74.2,69.6,19.5,15.9,4.7,20.5,5.6,2.3,3.1,4.1
552,Fr,Fredrick King,Creighton,BE,22.5,1,2.7,112.2,20.9,60.5,61.3,14.6,17.6,3.3,17.6,7.9,0.4,2.6,3.8
553,Fr,Simeon Cottle,Kennesaw St.,ASun,22.5,0.1,-3.8,90.9,20.4,44.9,49.8,0.8,7.7,17.1,24.1,0.4,2.1,0.7,3.8
554,Fr,Trejuan Holloman,Michigan St.,B10,22.5,0,-1.5,94.6,11.9,41.7,43.9,1.3,9.6,17.1,20.2,1.2,1.1,0.9,1.3
555,Jr,Nate Ferguson,Drake,MVC,22.4,0.8,1.6,119.8,12.9,64.3,69,7.4,15.7,4.7,21.5,3.1,1,2.6,3.5
556,So,Tyler Powell,Nevada,MWC,22.3,0,-1.7,92.2,14,50.8,51.4,2.7,10.9,5.6,18.5,0.5,1.1,1,2.1
557,Fr,Owen Dease,Texas A&M Corpus Chr,Slnd,22.3,0.6,-2.2,107.1,19.4,48.1,52.5,6.1,12.4,10,14.5,0.9,2,2.2,5
558,Jr,Isaiah Marin,Texas Southern,SWAC,22.2,-1.5,-7.2,63.8,13.8,38.5,39.8,0.8,16.4,11.2,37.9,0,1.9,2.3,2.4
559,Fr,Kanye Clary,Penn St.,B10,22.2,0.4,-3.7,89.3,24,45.8,48.1,1.6,8.3,12.6,16.3,0,2.2,0.9,3.8
560,So,Hubertas Pivorius,Northern Kentucky,Horz,22,0.1,-4.6,99.9,14.4,49.2,50.5,1.2,5,8.8,16.9,0,0.4,0.6,2.9
561,Fr,Josh Dix,Iowa,B10,21.9,0.6,0.9,113.6,12.2,53.8,55.1,2.7,8.9,15.6,18.3,1.1,1.4,0.9,2.1
562,So,Anton Brookshire,Iona,MAAC,21.6,0.9,2.9,118.7,18.3,57,58.4,2.3,10.4,8.1,9.7,0.7,1.2,1.1,4.2
563,Fr,Trey Pettigrew,Nevada,MWC,21.6,-0.2,-3.8,80.9,17.8,37.8,41.7,2.7,13.9,5.2,15,3.3,0.9,1.6,3.1
564,Fr,Kijani Wright,USC,P12,21.5,0.4,-1.7,104.9,13.3,46.8,49.9,11.6,9.8,5.8,17.4,5,0.4,1.9,2
565,Fr,Koat Keat Tong,UC Santa Barbara,BW,21.2,-0.3,-4.4,88.5,15,43.1,47,15.7,23.9,3,31.3,1.2,2.2,3.9,1.9
566,Fr,LJ Thomas,North Carolina St.,ACC,21.1,0.6,1.5,112.3,14.2,55.3,56.6,7.4,18,8.6,18.9,1.1,3.1,2.1,2.4
567,Fr,Shawn Jones Jr.,Mississippi St.,SEC,21.1,0.3,1.7,96.8,16.4,47.9,49.3,7.1,8.6,7.2,19.8,3.8,3.3,1.7,3.3
568,Fr,Evan Mahaffey,Penn St.,B10,21,0.8,-0.2,113.4,16.9,62.7,62.2,7.2,13.4,7.5,17.2,2.2,1.7,1.6,2.8
569,Sr,Isiaih Mosley,Missouri,SEC,20.9,1.2,-0.2,94.9,29,52.4,53.2,4.7,7.3,23.8,24.1,2.7,3.3,2,9.6
570,Jr,Mohamed Diarra,Missouri,SEC,20.9,0.6,-0.8,95.9,20.2,43.8,47.4,12,20.9,7.7,19.3,5.9,2.7,3.3,3.5
571,Sr,Xavier Johnson,Indiana,B10,20.8,1.9,1.8,100.4,26.1,47.6,54.2,0.9,13.4,33.4,24.9,0,2.8,3.3,9.9
572,Sr,Jalen Graham,Arkansas,SEC,20.7,0.9,4.6,98.3,28.2,65.1,62,9.4,18.4,12.3,25.8,4.9,2.3,2.3,5.5
573,Sr,Kamani Johnson,Arkansas,SEC,20.6,0.7,2.1,112.7,12.2,51.6,53.5,15.6,13,2.4,15.3,2.3,2.9,2.8,2.1
574,Sr,Parker Weiss,Iona,MAAC,20.6,-0.3,-2.8,98.1,6.5,48.4,47,2,3.2,3.2,16,0.4,1.9,0.4,1.1
575,Jr,Grayson Carter,Texas Southern,SWAC,20.5,-0.5,-4.7,87.3,11.7,39.5,39.1,6.6,14.7,4.9,14.3,1.2,0.4,2.5,2.3
576,Jr,Lance Ware,Kentucky,SEC,20.5,0.4,1.5,102.8,13.6,64.9,58.5,9.1,15.2,10.9,26.6,4.2,1.8,2.1,2.1
577,Fr,Brayden Reynolds,Fairleigh Dickinson,NEC,20.5,-0.3,-7.3,94.4,11.8,51.4,48.7,2.1,8.4,14.7,24,0.5,2,0.9,1.6
578,Fr,Corey Floyd Jr.,Providence,BE,20.4,0.5,1.2,110.4,13.7,55.5,59.3,4.4,10,7.7,22.4,0.8,1.8,1.2,2.6
579,Fr,A'lahn Sumler,Northern Kentucky,Horz,20.3,-0.3,-7.8,84.8,18.1,41.8,43.1,4,6.9,6.8,19.9,0,1.7,0.9,2.9
580,Fr,Chris Craig,Texas Southern,SWAC,20.2,0.1,-1.2,104.6,11.6,59.4,64.1,7.5,12.7,3.5,27.5,0.8,3.2,2.3,3
581,Sr,Malcolm Dandridge,Memphis,Amer,20.1,1.1,3,104.4,19.6,57.1,61.9,7.9,19,5.1,24.4,7.2,2.4,3.5,5.7
582,Jr,Aidan Igiehon,Grand Canyon,WAC,20,0.2,-2.8,93.7,18,44,49.7,13.4,22.1,4.4,26.1,4,0.9,3.4,2.6
583,Fr,Jorge Diaz Graham,Pittsburgh,ACC,19.8,0.5,3.8,106.1,18.5,39.8,48.8,7.2,19.6,7.9,12.2,6.5,3.4,2.2,2.9
584,Fr,Joshua Jefferson,Saint Mary's,WCC,19.6,0.4,5.2,103.4,17.5,55.2,58,5.4,16.1,11.5,25.5,1.8,3.7,1.4,2.3
585,So,Imanuel Zorgvol,Northern Kentucky,Horz,19.5,0.2,-1.1,104.2,15.5,56.3,58.1,12.5,24.1,2.4,24.1,9.1,2,2.8,2.6
586,Fr,Ben Gold,Marquette,BE,19.5,0.5,1.2,103.1,18.5,52.5,54,8.1,8,4.3,16.2,7.5,2.4,1.1,2.7
587,So,Michael Jefferson,Iona,MAAC,19.3,-0.4,-3.8,89.6,12.6,38.9,40.8,5.6,9.5,11.7,24.6,0.4,2,1.8,1.9
588,Sr,Rylan Jones,Utah St.,MWC,19.2,0.9,0.1,103.3,16.2,46.9,49,1,7,28.4,22.5,0.4,2.3,1.4,4.2
589,Jr,Shereef Mitchell,Creighton,BE,19.1,0.2,0.3,99.3,14.6,51.9,53.2,1.4,6.8,12.6,20.2,0.4,2.9,0.6,2
590,So,Cameron Tweedy,Fairleigh Dickinson,NEC,19.1,0.5,-2.8,109.1,20.8,55.7,56.4,15.5,18.5,10.7,20.3,2,1.4,2.4,3.3
591,So,Manny Obaseki,Texas A&M,SEC,18.8,0.6,-2.2,94.1,23.1,47.5,53.1,1.4,10.2,16,26.1,1.6,1.6,1.4,5.6
592,Sr,Tyrese Nickelson,Texas A&M Corpus Chr,Slnd,18.8,-0.5,-6.1,83.6,15.1,34.7,41,1.6,8.2,11.4,22.1,1.1,2.1,1,2.7
593,Jr,Nick Gazelas,Montana St.,BSky,18.7,-0.8,-6.5,72.1,12.6,31.4,37.3,0,5.7,6.1,19.7,0,1.2,0.5,1.5
594,Fr,Yohan Traore,Auburn,SEC,18.4,-0.1,-3.5,87.6,15.1,45,43.5,7.2,9.4,4.5,17.8,0.9,0,1.5,2.2
595,So,Trevon Brazile,Arkansas,SEC,18.3,1.8,4.8,101.2,22,55.2,57.8,4.5,21.2,7.1,21.3,4.7,2.1,6,11.8
596,Fr,Sadiku Ibine Ayo,Iona,MAAC,18.3,0,-1.4,96,14.5,45.1,47.1,5.5,10.9,3.3,16.1,2.6,2.1,1.5,2.6
597,Fr,Dasonte Bowen,Iowa,B10,18.3,0.5,-2.6,95.5,21.3,50,53.9,4.1,6.6,18.7,27.3,0.4,1.7,0.9,3.2
598,So,Luke Barrett,Saint Mary's,WCC,18.2,0.3,2,109.4,11.8,50,52.1,7.4,18.4,2.2,13.6,2.4,1.6,2.1,2.4
599,Jr,Nick Pringle,Alabama,SEC,18.1,0.9,6.5,123.3,15.9,84.8,74.3,12.4,21.9,5.3,20.5,5.4,1.7,2.8,3.1
600,Fr,Perry Smith Jr.,Vermont,AE,18,-0.6,-6.1,77.5,14.9,43.6,42.5,4.9,15.6,4.5,22.8,1.5,0.8,1.8,2
601,Jr,Josh Banks,VCU,A10,17.4,0.4,1.7,104.9,16.3,51.7,57.7,1.6,8.4,4.9,18.1,1.9,1.2,0.7,2.9
602,Fr,Ose Okojie,Howard,MEAC,17.4,-0.5,-4.7,86,11.4,48.1,50.4,7.6,6.3,6.2,34.1,0.5,3.1,1.1,1.6
603,Jr,Nick Fiorillo,Vermont,AE,17.2,-0.3,-4.3,79.9,21,42.7,43.8,4.6,10.7,9.1,22.2,3.1,0.8,2.1,4.5
604,Sr,Michael Henn,Penn St.,B10,17.1,0.7,-0.4,109.5,17.4,62.7,62.4,5.7,9.9,13,21.9,1.4,0.8,1.2,2.6
605,So,Malik Thomas,USC,P12,17,0.1,-4.1,87.9,19.5,40.5,45.1,4.5,9.5,7.6,19.1,0,2.7,1.1,2.5
606,Fr,Ernest Udeh Jr.,Kansas,B12,17,0.7,6.8,114.5,14.6,76.9,69.8,11.1,14.2,6.9,23.6,7.3,4.9,1.9,2.5
607,Sr,KyKy Tandy,Xavier,BE,16.9,-0.1,-1.5,89.6,14.1,38.4,40.5,1,7.2,12.8,17.1,1.3,2.7,0.8,2.2
608,Sr,Lior Berman,Auburn,SEC,16.7,0.4,-0.1,108.3,11.7,57,57.3,5.8,8.3,2.5,18.4,0,1.9,1.2,2.3
609,Fr,Will McClendon,UCLA,P12,16.7,-0.6,-2.4,75.5,11.8,20,24.1,2,12.7,13.3,8.9,0,2.1,1.2,1
610,So,Patrick McMahon,Montana St.,BSky,16.7,-0.1,-1.1,97.3,12.4,52.5,50.3,3,11.6,5.5,13.4,1.1,1.7,2,4.5
611,So,Kobe Julien,Louisiana Lafayette,SB,16.6,0.6,1.7,104.6,20.9,45.7,47.9,7.9,7.2,12.8,13.9,2.5,2.3,1.2,3.5
612,Fr,Harry Wessels,Saint Mary's,WCC,16.4,0.7,0.2,109.4,24,60,60.5,17.1,16.2,7.9,22.2,2.7,1.2,1.7,2.6
613,So,Breon Pass,North Carolina St.,ACC,16.2,-0.3,-4.2,80.1,14.7,42.4,45.5,2.5,10.9,5.8,29.1,0.5,2.7,0.9,1.5
614,So,Julius Rollins,Kent St.,MAC,16.1,0.1,-0.2,101.6,14.7,50,54.2,7.7,12.9,7.4,24.5,1.8,3.1,1.6,2.1
615,Fr,Kobe Young,Boise St.,MWC,16.1,0.2,1.5,107.5,10.3,51.5,53,4.1,18.7,4.2,13.9,2.7,0.6,1.7,1.4
616,Fr,Sam Alamutu,Vermont,AE,15.9,-0.2,-1.4,86.5,16,64.5,61,6.8,19.5,7,36.9,1.1,2.4,2.2,2.4
617,So,Adama Bal,Arizona,P12,15.7,0.4,0.4,101.2,15.8,51,54.2,2.8,10,10.2,21.1,0.5,1.8,1,2.5
618,So,Nate Santos,Pittsburgh,ACC,15.7,-0.3,-3.7,80.1,16.5,33.6,36.4,3.4,16.1,5.9,13.8,1.1,2.3,1.3,1.6
619,Sr,Dusan Mahorcic,North Carolina St.,ACC,15.6,2.4,4.6,120.7,21,64.3,63.6,13.6,22,10.6,17.2,3.6,1.9,6.5,8.7
620,Fr,LJ Wells,Northern Kentucky,Horz,15.3,0,-3,98.9,15.3,40.5,42.1,11.8,17.5,8.8,14.5,2.6,2.5,2.1,1.7
621,Sr,Jonathan Tchamwa Tchatchoua,Baylor,B12,15.2,2,3.9,114.7,14.4,57.5,61.7,8,21.3,4.8,20.9,2.4,1.2,4.7,5.7
622,Sr,Charles Lampten,College of Charlesto,CAA,15.2,-0.3,-5.6,85.1,12.9,45,45,16.6,12.7,2.3,36.9,7.4,1.7,2,0.8
623,Fr,VIncent Iwuchukwu,USC,P12,15,1,0.6,98.7,21.5,50.9,56.5,7.7,12.4,4.1,22.4,8.3,0.3,2.5,5.4
624,Fr,Henri Veesaar,Arizona,P12,14.9,0.8,5.9,121.8,15.7,65.5,68,7.8,14.1,12.3,20.7,6.1,1.1,1.5,2.5
625,Fr,Adou Thiero,Kentucky,SEC,14.7,0.4,1.6,99,16.5,39.7,51.5,9.7,13.1,6.7,24.8,3.5,2.8,2.1,2.6
626,Fr,Mac Etienne,UCLA,P12,14.6,0.1,1.1,99.1,12.4,36.4,36.6,14,21.7,4.7,9.6,8.7,1.8,2.1,1
627,So,Daimion Collins,Kentucky,SEC,14.6,-0.1,-4.8,84.5,18.4,42.5,47,9.8,18.3,3.6,29.3,5.8,1.6,2,2
628,So,Isaiah Richards,Louisiana Lafayette,SB,14.3,0.1,-2.9,95.7,15.4,45.8,52.3,12,23.7,3.8,26.4,1.8,3,2,1.5
629,So,Eric Northweather,Drake,MVC,14.2,-0.2,-1.7,81.5,19.5,33.3,35.9,8.5,17.6,10.1,16.1,6.1,1.9,2,2.3
630,Fr,Nick Martinelli,Northwestern,B10,14.2,0.8,2.2,113.5,15.1,53.8,53.7,10.9,5.9,6.8,11.2,0,2,1.5,2.7
631,Jr,Dallion Johnson,Penn St.,B10,14,0,-3.1,91.1,15.1,46.1,46.1,0.6,9.2,7.2,10.3,0,1.2,0.8,2.1
632,Fr,KeShawn Murphy,Mississippi St.,SEC,14,0.5,6.1,101.4,19.3,50,51.5,6.6,13.1,16.9,20.4,7.1,3.3,1.8,3.3
633,Jr,Okay Djamgouz,Drake,MVC,13.7,0.5,1.8,121.1,13.6,65.2,66.8,0.7,5,2,11.9,0,1,0.4,3.1
634,Sr,Quinn Slazinski,Iona,MAAC,13.6,2,1.7,104.3,23,49.3,52.3,6.2,18.4,12.8,16.4,1.2,1.2,5.7,11.3
635,So,Nicolas Louis-Jacques,Colgate,Pat,13.6,0,-6,98.9,14,55.3,54.8,0,5.2,4.4,14.1,0.6,0.3,0.3,2
636,Fr,AJ Casey,Miami FL,ACC,13.5,0.2,-1.7,107.1,10.3,38,44,7.8,12.8,4.3,9.7,3.7,0.3,1.2,1
637,Jr,Caleb Dorsey,Penn St.,B10,13.4,0,-1.9,92.5,15.2,43.2,45.3,6.7,15,6.4,17.1,1.7,1.9,2.2,2.3
638,Sr,Hason Ward,Iowa St.,B12,13.3,0.8,7.4,116.2,18.8,67.4,64.9,16.8,19.4,8.9,20.7,8.1,4.9,2.2,2.9
639,Fr,Rafael Castro,Providence,BE,13.1,0.6,5.8,116.1,17.2,51.4,53.8,18.6,18.9,8.3,15.9,7.8,3.4,2.1,1.8
640,So,Harrison Hornery,USC,P12,13.1,0.2,0.2,105.3,11.1,48.3,49.5,6.6,9.3,4.1,12.5,3.2,1.7,1,1.4
641,Fr,Evan Eursher,Southeast Missouri S,OVC,13,-0.2,-2.9,97.2,11.5,45.6,49,2.6,9.3,4,13.4,0.6,2.2,0.9,2
642,Sr,Francisco Caffaro,Virginia,ACC,12.9,0.6,-2.6,114.9,14.1,75,70,12,14.5,4.7,24.5,0.8,0.4,1.8,2
643,Sr,Jamel Jr. Horton,Mississippi St.,SEC,12.8,-1,-6.8,68.5,14,31,31.9,1.3,8.1,20.1,33,0.8,1.8,1,1.4
644,Jr,Pavle Kuzmanovic,Boise St.,MWC,12.8,-0.1,-0.8,87.5,15.6,50,52.3,0,6.2,9.8,27.7,0,1.1,0.5,1.9
645,Jr,Ronnie DeGray III,Missouri,SEC,12.6,0.7,1.2,118.3,12,48.2,53.4,10.7,10.7,3.8,11.4,5.3,2.7,1.8,2.1
646,Fr,MJ Rice,Kansas,B12,12.6,0.1,-3.7,87.3,19.1,43.9,46.6,7.5,8.3,4.1,20.9,1.2,2.3,1,2.2
647,Fr,Carson Cooper,Michigan St.,B10,12.6,0.2,1.7,105.4,12.5,69.6,64.7,4.7,9.3,2.4,21.7,5,1.5,0.7,1.4
648,Sr,Dom Welch,Alabama,SEC,12,-0.2,-0.6,84.1,14.6,35,40.5,3.9,13.5,4.9,20.2,2.7,1,1.6,1.9
649,So,Cesare Edwards,Xavier,BE,11.7,0.2,-4.1,93.3,17.4,55.6,55.2,10.6,16.6,5,27.9,1.9,0.3,1.9,2.3
650,Fr,Trevon Blassingame,Fairleigh Dickinson,NEC,11.6,-0.4,-9.6,81.5,14.4,40.9,42.4,0.8,7.8,9.8,24.2,2.5,0.4,0.8,2.1
651,Jr,Joe Anderson,Furman,SC,11.4,0.1,-2.1,108.3,9.7,39.5,40.1,0,7.4,22.4,16.7,0,2.8,0.6,1.6
652,Fr,CJ Gunn,Indiana,B10,11.4,-0.2,-4.7,78.8,19.6,32.7,34.9,2.5,6.5,8.9,9.8,1.5,3.9,0.6,2
653,Jr,Thomas Weaver,Howard,MEAC,11.3,-0.8,-9.8,59.7,11.4,34.1,34.9,0,8.1,5.8,34.9,0,2,0.4,1.2
654,Jr,Jasman Sangha,Texas A&M Corpus Chr,Slnd,11.2,-0.5,-11.7,79.3,17.5,37.5,40,7.8,9.2,6.6,24.7,1.9,0.9,1.7,2.6
655,Jr,John Hugley IV,Pittsburgh,ACC,11.1,1,-1.6,99,25.6,53.3,57.2,10.5,12.2,8.1,25.3,4.7,1.2,3.6,8
656,So,Ramon Walker Jr.,Houston,Amer,11.1,-0.1,-1.8,97,12.5,42.9,46.3,5.4,13.3,4.3,19.6,0,0.8,2.5,2.9
657,Fr,Jourdyn Grandberry,Texas A&M Corpus Chr,Slnd,11.1,0,-2.6,97.5,15.8,45.6,49,0,9.2,10.8,16.5,1.9,3.5,0.8,2.8
658,Fr,Joseph Pinion,Arkansas,SEC,10.9,1,6.8,140.3,14.5,61.1,64.2,3.4,8.7,3.9,0,0.7,2.4,0.6,2.6
659,Fr,Noah Batchelor,Maryland,B10,10.9,-0.2,-2.4,82,17.5,38.9,42,1.7,20.2,6.3,19.5,1.5,0.9,1.2,1.7
660,Sr,Amadou Sylla,UNC Asheville,BSth,10.4,-0.4,-8.4,77.6,17.1,36,39.7,13.1,20.6,2.7,27.6,3,1.3,2.5,1.9
661,Fr,Brian Waddell,Purdue,B10,10.1,-1.1,-5.2,55.8,9.6,15.8,22,0,9.3,8.3,28.6,0,0.5,0.6,0.5
662,Fr,Oziyah Sellers,USC,P12,10.1,0.1,-2.5,100.2,11.7,43.5,43.8,0.9,4.8,6.8,3.8,0.8,1.3,0.3,1.1
663,Fr,Kaleb Banks,Indiana,B10,10,0.4,-1.1,103.3,20.6,58.6,57.9,5.6,12.3,10.3,19.2,0.8,1.8,1,2.2
664,Fr,Toibu Lawal,VCU,A10,10,-0.1,-4.3,83.4,18.8,53.8,48.4,12.9,12,4.2,27.4,5.7,1.7,1.2,1.4
,,,,,,,,,,,,,,,,,,,
,,,,,,,,,,,,,,,,,,,